task_id,task_number,task_type,graph_name,run_idx,raw_answer,parsed_answer,expected_metric_values,expected_top_3,predicted_metric_values,predicted_top_3,metric_accuracy,ranking_accuracy,overall_correct
graph_1_T4_mean_depth,4,T4_mean_depth,graph_1,1,"{""metric_values"": {""bath_room"": 2.75, ""bed_room_1"": 2.75, ""bed_room_2"": 2.75, ""dining_room"": 2.125, ""front_porch"": 2.625, ""hall"": 1.875, ""kitchen"": 2.75, ""living_room"": 1.75, ""service_porch"": 3.625}, ""top_3_lowest_mean_depth"": [""living_room"", ""hall"", ""dining_room""]}","{""metric_values"": {""bath_room"": 2.75, ""bed_room_1"": 2.75, ""bed_room_2"": 2.75, ""dining_room"": 2.125, ""front_porch"": 2.625, ""hall"": 1.875, ""kitchen"": 2.75, ""living_room"": 1.75, ""service_porch"": 3.625}, ""top_3_lowest_mean_depth"": [""living_room"", ""hall"", ""dining_room""]}","{""bath_room"": 2.75, ""bed_room_1"": 2.75, ""bed_room_2"": 2.75, ""dining_room"": 2.125, ""front_porch"": 2.625, ""hall"": 1.875, ""kitchen"": 2.75, ""living_room"": 1.75, ""service_porch"": 3.625}","[""living_room"", ""hall"", ""dining_room""]","{""bath_room"": 2.75, ""bed_room_1"": 2.75, ""bed_room_2"": 2.75, ""dining_room"": 2.125, ""front_porch"": 2.625, ""hall"": 1.875, ""kitchen"": 2.75, ""living_room"": 1.75, ""service_porch"": 3.625}","[""living_room"", ""hall"", ""dining_room""]",1.0,1.0,1
graph_1_T4_mean_depth,4,T4_mean_depth,graph_1,2,"{""metric_values"": {""bath_room"": 2.75, ""bed_room_1"": 2.75, ""bed_room_2"": 2.75, ""dining_room"": 2.125, ""front_porch"": 2.625, ""hall"": 1.875, ""kitchen"": 2.75, ""living_room"": 1.75, ""service_porch"": 3.625}, ""top_3_lowest_mean_depth"": [""living_room"", ""hall"", ""dining_room""]}","{""metric_values"": {""bath_room"": 2.75, ""bed_room_1"": 2.75, ""bed_room_2"": 2.75, ""dining_room"": 2.125, ""front_porch"": 2.625, ""hall"": 1.875, ""kitchen"": 2.75, ""living_room"": 1.75, ""service_porch"": 3.625}, ""top_3_lowest_mean_depth"": [""living_room"", ""hall"", ""dining_room""]}","{""bath_room"": 2.75, ""bed_room_1"": 2.75, ""bed_room_2"": 2.75, ""dining_room"": 2.125, ""front_porch"": 2.625, ""hall"": 1.875, ""kitchen"": 2.75, ""living_room"": 1.75, ""service_porch"": 3.625}","[""living_room"", ""hall"", ""dining_room""]","{""bath_room"": 2.75, ""bed_room_1"": 2.75, ""bed_room_2"": 2.75, ""dining_room"": 2.125, ""front_porch"": 2.625, ""hall"": 1.875, ""kitchen"": 2.75, ""living_room"": 1.75, ""service_porch"": 3.625}","[""living_room"", ""hall"", ""dining_room""]",1.0,1.0,1
graph_1_T4_mean_depth,4,T4_mean_depth,graph_1,3,"{""metric_values"": {""bath_room"": 2.75, ""bed_room_1"": 2.75, ""bed_room_2"": 2.75, ""dining_room"": 2.125, ""front_porch"": 2.625, ""hall"": 1.875, ""kitchen"": 2.75, ""living_room"": 1.75, ""service_porch"": 3.625}, ""top_3_lowest_mean_depth"": [""living_room"", ""hall"", ""dining_room""]}","{""metric_values"": {""bath_room"": 2.75, ""bed_room_1"": 2.75, ""bed_room_2"": 2.75, ""dining_room"": 2.125, ""front_porch"": 2.625, ""hall"": 1.875, ""kitchen"": 2.75, ""living_room"": 1.75, ""service_porch"": 3.625}, ""top_3_lowest_mean_depth"": [""living_room"", ""hall"", ""dining_room""]}","{""bath_room"": 2.75, ""bed_room_1"": 2.75, ""bed_room_2"": 2.75, ""dining_room"": 2.125, ""front_porch"": 2.625, ""hall"": 1.875, ""kitchen"": 2.75, ""living_room"": 1.75, ""service_porch"": 3.625}","[""living_room"", ""hall"", ""dining_room""]","{""bath_room"": 2.75, ""bed_room_1"": 2.75, ""bed_room_2"": 2.75, ""dining_room"": 2.125, ""front_porch"": 2.625, ""hall"": 1.875, ""kitchen"": 2.75, ""living_room"": 1.75, ""service_porch"": 3.625}","[""living_room"", ""hall"", ""dining_room""]",1.0,1.0,1
graph_1_T4_mean_depth,4,T4_mean_depth,graph_1,4,"{""metric_values"": {""bath_room"": 2.75, ""bed_room_1"": 2.75, ""bed_room_2"": 2.75, ""dining_room"": 2.125, ""front_porch"": 2.625, ""hall"": 1.875, ""kitchen"": 2.75, ""living_room"": 1.75, ""service_porch"": 3.625}, ""top_3_lowest_mean_depth"": [""living_room"", ""hall"", ""dining_room""]}","{""metric_values"": {""bath_room"": 2.75, ""bed_room_1"": 2.75, ""bed_room_2"": 2.75, ""dining_room"": 2.125, ""front_porch"": 2.625, ""hall"": 1.875, ""kitchen"": 2.75, ""living_room"": 1.75, ""service_porch"": 3.625}, ""top_3_lowest_mean_depth"": [""living_room"", ""hall"", ""dining_room""]}","{""bath_room"": 2.75, ""bed_room_1"": 2.75, ""bed_room_2"": 2.75, ""dining_room"": 2.125, ""front_porch"": 2.625, ""hall"": 1.875, ""kitchen"": 2.75, ""living_room"": 1.75, ""service_porch"": 3.625}","[""living_room"", ""hall"", ""dining_room""]","{""bath_room"": 2.75, ""bed_room_1"": 2.75, ""bed_room_2"": 2.75, ""dining_room"": 2.125, ""front_porch"": 2.625, ""hall"": 1.875, ""kitchen"": 2.75, ""living_room"": 1.75, ""service_porch"": 3.625}","[""living_room"", ""hall"", ""dining_room""]",1.0,1.0,1
graph_1_T4_mean_depth,4,T4_mean_depth,graph_1,5,"{""metric_values"": {""bath_room"": 2.75, ""bed_room_1"": 2.75, ""bed_room_2"": 2.75, ""dining_room"": 2.125, ""front_porch"": 2.625, ""hall"": 1.875, ""kitchen"": 2.75, ""living_room"": 1.75, ""service_porch"": 3.625}, ""top_3_lowest_mean_depth"": [""living_room"", ""hall"", ""dining_room""]}","{""metric_values"": {""bath_room"": 2.75, ""bed_room_1"": 2.75, ""bed_room_2"": 2.75, ""dining_room"": 2.125, ""front_porch"": 2.625, ""hall"": 1.875, ""kitchen"": 2.75, ""living_room"": 1.75, ""service_porch"": 3.625}, ""top_3_lowest_mean_depth"": [""living_room"", ""hall"", ""dining_room""]}","{""bath_room"": 2.75, ""bed_room_1"": 2.75, ""bed_room_2"": 2.75, ""dining_room"": 2.125, ""front_porch"": 2.625, ""hall"": 1.875, ""kitchen"": 2.75, ""living_room"": 1.75, ""service_porch"": 3.625}","[""living_room"", ""hall"", ""dining_room""]","{""bath_room"": 2.75, ""bed_room_1"": 2.75, ""bed_room_2"": 2.75, ""dining_room"": 2.125, ""front_porch"": 2.625, ""hall"": 1.875, ""kitchen"": 2.75, ""living_room"": 1.75, ""service_porch"": 3.625}","[""living_room"", ""hall"", ""dining_room""]",1.0,1.0,1
graph_1_T5_choice,5,T5_choice,graph_1,1,"{""metric_values"": {""bath_room"": 0.0, ""bed_room_1"": 0.0, ""bed_room_2"": 0.0, ""dining_room"": 12.0, ""front_porch"": 0.0, ""hall"": 18.0, ""kitchen"": 7.0, ""living_room"": 19.0, ""service_porch"": 0.0}, ""top_3_highest_choice"": [""living_room"", ""hall"", ""dining_room""]}","{""metric_values"": {""bath_room"": 0.0, ""bed_room_1"": 0.0, ""bed_room_2"": 0.0, ""dining_room"": 12.0, ""front_porch"": 0.0, ""hall"": 18.0, ""kitchen"": 7.0, ""living_room"": 19.0, ""service_porch"": 0.0}, ""top_3_highest_choice"": [""living_room"", ""hall"", ""dining_room""]}","{""bath_room"": 0.0, ""bed_room_1"": 0.0, ""bed_room_2"": 0.0, ""dining_room"": 12.0, ""front_porch"": 0.0, ""hall"": 18.0, ""kitchen"": 7.0, ""living_room"": 19.0, ""service_porch"": 0.0}","[""living_room"", ""hall"", ""dining_room""]","{""bath_room"": 0.0, ""bed_room_1"": 0.0, ""bed_room_2"": 0.0, ""dining_room"": 12.0, ""front_porch"": 0.0, ""hall"": 18.0, ""kitchen"": 7.0, ""living_room"": 19.0, ""service_porch"": 0.0}","[""living_room"", ""hall"", ""dining_room""]",1.0,1.0,1
graph_1_T5_choice,5,T5_choice,graph_1,2,"{""metric_values"": {""bath_room"": 0.0, ""bed_room_1"": 0.0, ""bed_room_2"": 0.0, ""dining_room"": 12.0, ""front_porch"": 0.0, ""hall"": 18.0, ""kitchen"": 7.0, ""living_room"": 19.0, ""service_porch"": 0.0}, ""top_3_highest_choice"": [""living_room"", ""hall"", ""dining_room""]}","{""metric_values"": {""bath_room"": 0.0, ""bed_room_1"": 0.0, ""bed_room_2"": 0.0, ""dining_room"": 12.0, ""front_porch"": 0.0, ""hall"": 18.0, ""kitchen"": 7.0, ""living_room"": 19.0, ""service_porch"": 0.0}, ""top_3_highest_choice"": [""living_room"", ""hall"", ""dining_room""]}","{""bath_room"": 0.0, ""bed_room_1"": 0.0, ""bed_room_2"": 0.0, ""dining_room"": 12.0, ""front_porch"": 0.0, ""hall"": 18.0, ""kitchen"": 7.0, ""living_room"": 19.0, ""service_porch"": 0.0}","[""living_room"", ""hall"", ""dining_room""]","{""bath_room"": 0.0, ""bed_room_1"": 0.0, ""bed_room_2"": 0.0, ""dining_room"": 12.0, ""front_porch"": 0.0, ""hall"": 18.0, ""kitchen"": 7.0, ""living_room"": 19.0, ""service_porch"": 0.0}","[""living_room"", ""hall"", ""dining_room""]",1.0,1.0,1
graph_1_T5_choice,5,T5_choice,graph_1,3,"{""metric_values"": {""bath_room"": 0.0, ""bed_room_1"": 0.0, ""bed_room_2"": 0.0, ""dining_room"": 12.0, ""front_porch"": 0.0, ""hall"": 18.0, ""kitchen"": 7.0, ""living_room"": 19.0, ""service_porch"": 0.0}, ""top_3_highest_choice"": [""living_room"", ""hall"", ""dining_room""]}","{""metric_values"": {""bath_room"": 0.0, ""bed_room_1"": 0.0, ""bed_room_2"": 0.0, ""dining_room"": 12.0, ""front_porch"": 0.0, ""hall"": 18.0, ""kitchen"": 7.0, ""living_room"": 19.0, ""service_porch"": 0.0}, ""top_3_highest_choice"": [""living_room"", ""hall"", ""dining_room""]}","{""bath_room"": 0.0, ""bed_room_1"": 0.0, ""bed_room_2"": 0.0, ""dining_room"": 12.0, ""front_porch"": 0.0, ""hall"": 18.0, ""kitchen"": 7.0, ""living_room"": 19.0, ""service_porch"": 0.0}","[""living_room"", ""hall"", ""dining_room""]","{""bath_room"": 0.0, ""bed_room_1"": 0.0, ""bed_room_2"": 0.0, ""dining_room"": 12.0, ""front_porch"": 0.0, ""hall"": 18.0, ""kitchen"": 7.0, ""living_room"": 19.0, ""service_porch"": 0.0}","[""living_room"", ""hall"", ""dining_room""]",1.0,1.0,1
graph_1_T5_choice,5,T5_choice,graph_1,4,"{""metric_values"": {""bath_room"": 0.0, ""bed_room_1"": 0.0, ""bed_room_2"": 0.0, ""dining_room"": 12.0, ""front_porch"": 0.0, ""hall"": 18.0, ""kitchen"": 7.0, ""living_room"": 19.0, ""service_porch"": 0.0}, ""top_3_highest_choice"": [""living_room"", ""hall"", ""dining_room""]}","{""metric_values"": {""bath_room"": 0.0, ""bed_room_1"": 0.0, ""bed_room_2"": 0.0, ""dining_room"": 12.0, ""front_porch"": 0.0, ""hall"": 18.0, ""kitchen"": 7.0, ""living_room"": 19.0, ""service_porch"": 0.0}, ""top_3_highest_choice"": [""living_room"", ""hall"", ""dining_room""]}","{""bath_room"": 0.0, ""bed_room_1"": 0.0, ""bed_room_2"": 0.0, ""dining_room"": 12.0, ""front_porch"": 0.0, ""hall"": 18.0, ""kitchen"": 7.0, ""living_room"": 19.0, ""service_porch"": 0.0}","[""living_room"", ""hall"", ""dining_room""]","{""bath_room"": 0.0, ""bed_room_1"": 0.0, ""bed_room_2"": 0.0, ""dining_room"": 12.0, ""front_porch"": 0.0, ""hall"": 18.0, ""kitchen"": 7.0, ""living_room"": 19.0, ""service_porch"": 0.0}","[""living_room"", ""hall"", ""dining_room""]",1.0,1.0,1
graph_1_T5_choice,5,T5_choice,graph_1,5,"{""metric_values"": {""bath_room"": 0.0, ""bed_room_1"": 0.0, ""bed_room_2"": 0.0, ""dining_room"": 12.0, ""front_porch"": 0.0, ""hall"": 18.0, ""kitchen"": 7.0, ""living_room"": 19.0, ""service_porch"": 0.0}, ""top_3_highest_choice"": [""living_room"", ""hall"", ""dining_room""]}","{""metric_values"": {""bath_room"": 0.0, ""bed_room_1"": 0.0, ""bed_room_2"": 0.0, ""dining_room"": 12.0, ""front_porch"": 0.0, ""hall"": 18.0, ""kitchen"": 7.0, ""living_room"": 19.0, ""service_porch"": 0.0}, ""top_3_highest_choice"": [""living_room"", ""hall"", ""dining_room""]}","{""bath_room"": 0.0, ""bed_room_1"": 0.0, ""bed_room_2"": 0.0, ""dining_room"": 12.0, ""front_porch"": 0.0, ""hall"": 18.0, ""kitchen"": 7.0, ""living_room"": 19.0, ""service_porch"": 0.0}","[""living_room"", ""hall"", ""dining_room""]","{""bath_room"": 0.0, ""bed_room_1"": 0.0, ""bed_room_2"": 0.0, ""dining_room"": 12.0, ""front_porch"": 0.0, ""hall"": 18.0, ""kitchen"": 7.0, ""living_room"": 19.0, ""service_porch"": 0.0}","[""living_room"", ""hall"", ""dining_room""]",1.0,1.0,1
graph_2_T4_mean_depth,4,T4_mean_depth,graph_2,1,"{""metric_values"": {""bath_room"": 2.125, ""bed_room_1"": 2.125, ""bed_room_2"": 2.125, ""dining_room"": 2.25, ""hall"": 1.25, ""hall_2"": 1.625, ""kitchen"": 2.5, ""living_room"": 1.875, ""stair"": 2.125}, ""top_3_lowest_mean_depth"": [""hall"", ""hall_2"", ""living_room""]}","{""metric_values"": {""bath_room"": 2.125, ""bed_room_1"": 2.125, ""bed_room_2"": 2.125, ""dining_room"": 2.25, ""hall"": 1.25, ""hall_2"": 1.625, ""kitchen"": 2.5, ""living_room"": 1.875, ""stair"": 2.125}, ""top_3_lowest_mean_depth"": [""hall"", ""hall_2"", ""living_room""]}","{""bath_room"": 2.125, ""bed_room_1"": 2.125, ""bed_room_2"": 2.125, ""dining_room"": 2.25, ""hall"": 1.25, ""hall_2"": 1.625, ""kitchen"": 2.5, ""living_room"": 1.875, ""stair"": 2.125}","[""hall"", ""hall_2"", ""living_room""]","{""bath_room"": 2.125, ""bed_room_1"": 2.125, ""bed_room_2"": 2.125, ""dining_room"": 2.25, ""hall"": 1.25, ""hall_2"": 1.625, ""kitchen"": 2.5, ""living_room"": 1.875, ""stair"": 2.125}","[""hall"", ""hall_2"", ""living_room""]",1.0,1.0,1
graph_2_T4_mean_depth,4,T4_mean_depth,graph_2,2,"{""metric_values"": {""bath_room"": 2.125, ""bed_room_1"": 2.125, ""bed_room_2"": 2.125, ""dining_room"": 2.25, ""hall"": 1.25, ""hall_2"": 1.625, ""kitchen"": 2.5, ""living_room"": 1.875, ""stair"": 2.125}, ""top_3_lowest_mean_depth"": [""hall"", ""hall_2"", ""living_room""]}","{""metric_values"": {""bath_room"": 2.125, ""bed_room_1"": 2.125, ""bed_room_2"": 2.125, ""dining_room"": 2.25, ""hall"": 1.25, ""hall_2"": 1.625, ""kitchen"": 2.5, ""living_room"": 1.875, ""stair"": 2.125}, ""top_3_lowest_mean_depth"": [""hall"", ""hall_2"", ""living_room""]}","{""bath_room"": 2.125, ""bed_room_1"": 2.125, ""bed_room_2"": 2.125, ""dining_room"": 2.25, ""hall"": 1.25, ""hall_2"": 1.625, ""kitchen"": 2.5, ""living_room"": 1.875, ""stair"": 2.125}","[""hall"", ""hall_2"", ""living_room""]","{""bath_room"": 2.125, ""bed_room_1"": 2.125, ""bed_room_2"": 2.125, ""dining_room"": 2.25, ""hall"": 1.25, ""hall_2"": 1.625, ""kitchen"": 2.5, ""living_room"": 1.875, ""stair"": 2.125}","[""hall"", ""hall_2"", ""living_room""]",1.0,1.0,1
graph_2_T4_mean_depth,4,T4_mean_depth,graph_2,3,"{""metric_values"": {""bath_room"": 2.125, ""bed_room_1"": 2.125, ""bed_room_2"": 2.125, ""dining_room"": 2.25, ""hall"": 1.25, ""hall_2"": 1.625, ""kitchen"": 2.5, ""living_room"": 1.875, ""stair"": 2.125}, ""top_3_lowest_mean_depth"": [""hall"", ""hall_2"", ""living_room""]}","{""metric_values"": {""bath_room"": 2.125, ""bed_room_1"": 2.125, ""bed_room_2"": 2.125, ""dining_room"": 2.25, ""hall"": 1.25, ""hall_2"": 1.625, ""kitchen"": 2.5, ""living_room"": 1.875, ""stair"": 2.125}, ""top_3_lowest_mean_depth"": [""hall"", ""hall_2"", ""living_room""]}","{""bath_room"": 2.125, ""bed_room_1"": 2.125, ""bed_room_2"": 2.125, ""dining_room"": 2.25, ""hall"": 1.25, ""hall_2"": 1.625, ""kitchen"": 2.5, ""living_room"": 1.875, ""stair"": 2.125}","[""hall"", ""hall_2"", ""living_room""]","{""bath_room"": 2.125, ""bed_room_1"": 2.125, ""bed_room_2"": 2.125, ""dining_room"": 2.25, ""hall"": 1.25, ""hall_2"": 1.625, ""kitchen"": 2.5, ""living_room"": 1.875, ""stair"": 2.125}","[""hall"", ""hall_2"", ""living_room""]",1.0,1.0,1
graph_2_T4_mean_depth,4,T4_mean_depth,graph_2,4,"{""metric_values"": {""bath_room"": 2.125, ""bed_room_1"": 2.125, ""bed_room_2"": 2.125, ""dining_room"": 2.25, ""hall"": 1.25, ""hall_2"": 1.625, ""kitchen"": 2.5, ""living_room"": 1.875, ""stair"": 2.125}, ""top_3_lowest_mean_depth"": [""hall"", ""hall_2"", ""living_room""]}","{""metric_values"": {""bath_room"": 2.125, ""bed_room_1"": 2.125, ""bed_room_2"": 2.125, ""dining_room"": 2.25, ""hall"": 1.25, ""hall_2"": 1.625, ""kitchen"": 2.5, ""living_room"": 1.875, ""stair"": 2.125}, ""top_3_lowest_mean_depth"": [""hall"", ""hall_2"", ""living_room""]}","{""bath_room"": 2.125, ""bed_room_1"": 2.125, ""bed_room_2"": 2.125, ""dining_room"": 2.25, ""hall"": 1.25, ""hall_2"": 1.625, ""kitchen"": 2.5, ""living_room"": 1.875, ""stair"": 2.125}","[""hall"", ""hall_2"", ""living_room""]","{""bath_room"": 2.125, ""bed_room_1"": 2.125, ""bed_room_2"": 2.125, ""dining_room"": 2.25, ""hall"": 1.25, ""hall_2"": 1.625, ""kitchen"": 2.5, ""living_room"": 1.875, ""stair"": 2.125}","[""hall"", ""hall_2"", ""living_room""]",1.0,1.0,1
graph_2_T4_mean_depth,4,T4_mean_depth,graph_2,5,"{""metric_values"": {""bath_room"": 2.125, ""bed_room_1"": 2.125, ""bed_room_2"": 2.125, ""dining_room"": 2.25, ""hall"": 1.25, ""hall_2"": 1.625, ""kitchen"": 2.5, ""living_room"": 1.875, ""stair"": 2.125}, ""top_3_lowest_mean_depth"": [""hall"", ""hall_2"", ""living_room""]}","{""metric_values"": {""bath_room"": 2.125, ""bed_room_1"": 2.125, ""bed_room_2"": 2.125, ""dining_room"": 2.25, ""hall"": 1.25, ""hall_2"": 1.625, ""kitchen"": 2.5, ""living_room"": 1.875, ""stair"": 2.125}, ""top_3_lowest_mean_depth"": [""hall"", ""hall_2"", ""living_room""]}","{""bath_room"": 2.125, ""bed_room_1"": 2.125, ""bed_room_2"": 2.125, ""dining_room"": 2.25, ""hall"": 1.25, ""hall_2"": 1.625, ""kitchen"": 2.5, ""living_room"": 1.875, ""stair"": 2.125}","[""hall"", ""hall_2"", ""living_room""]","{""bath_room"": 2.125, ""bed_room_1"": 2.125, ""bed_room_2"": 2.125, ""dining_room"": 2.25, ""hall"": 1.25, ""hall_2"": 1.625, ""kitchen"": 2.5, ""living_room"": 1.875, ""stair"": 2.125}","[""hall"", ""hall_2"", ""living_room""]",1.0,1.0,1
graph_2_T5_choice,5,T5_choice,graph_2,1,"{""metric_values"": {""bath_room"": 0.0, ""bed_room_1"": 0.0, ""bed_room_2"": 0.0, ""dining_room"": 1.0, ""hall"": 23.0, ""hall_2"": 9.5, ""kitchen"": 0.0, ""living_room"": 2.5, ""stair"": 0.0}, ""top_3_highest_choice"": [""hall"", ""hall_2"", ""living_room""]}","{""metric_values"": {""bath_room"": 0.0, ""bed_room_1"": 0.0, ""bed_room_2"": 0.0, ""dining_room"": 1.0, ""hall"": 23.0, ""hall_2"": 9.5, ""kitchen"": 0.0, ""living_room"": 2.5, ""stair"": 0.0}, ""top_3_highest_choice"": [""hall"", ""hall_2"", ""living_room""]}","{""bath_room"": 0.0, ""bed_room_1"": 0.0, ""bed_room_2"": 0.0, ""dining_room"": 1.0, ""hall"": 23.0, ""hall_2"": 9.5, ""kitchen"": 0.0, ""living_room"": 2.5, ""stair"": 0.0}","[""hall"", ""hall_2"", ""living_room""]","{""bath_room"": 0.0, ""bed_room_1"": 0.0, ""bed_room_2"": 0.0, ""dining_room"": 1.0, ""hall"": 23.0, ""hall_2"": 9.5, ""kitchen"": 0.0, ""living_room"": 2.5, ""stair"": 0.0}","[""hall"", ""hall_2"", ""living_room""]",1.0,1.0,1
graph_2_T5_choice,5,T5_choice,graph_2,2,"{""metric_values"": {""bath_room"": 0.0, ""bed_room_1"": 0.0, ""bed_room_2"": 0.0, ""dining_room"": 1.0, ""hall"": 23.0, ""hall_2"": 9.5, ""kitchen"": 0.0, ""living_room"": 2.5, ""stair"": 0.0}, ""top_3_highest_choice"": [""hall"", ""hall_2"", ""living_room""]}","{""metric_values"": {""bath_room"": 0.0, ""bed_room_1"": 0.0, ""bed_room_2"": 0.0, ""dining_room"": 1.0, ""hall"": 23.0, ""hall_2"": 9.5, ""kitchen"": 0.0, ""living_room"": 2.5, ""stair"": 0.0}, ""top_3_highest_choice"": [""hall"", ""hall_2"", ""living_room""]}","{""bath_room"": 0.0, ""bed_room_1"": 0.0, ""bed_room_2"": 0.0, ""dining_room"": 1.0, ""hall"": 23.0, ""hall_2"": 9.5, ""kitchen"": 0.0, ""living_room"": 2.5, ""stair"": 0.0}","[""hall"", ""hall_2"", ""living_room""]","{""bath_room"": 0.0, ""bed_room_1"": 0.0, ""bed_room_2"": 0.0, ""dining_room"": 1.0, ""hall"": 23.0, ""hall_2"": 9.5, ""kitchen"": 0.0, ""living_room"": 2.5, ""stair"": 0.0}","[""hall"", ""hall_2"", ""living_room""]",1.0,1.0,1
graph_2_T5_choice,5,T5_choice,graph_2,3,"{""metric_values"": {""bath_room"": 0.0, ""bed_room_1"": 0.0, ""bed_room_2"": 0.0, ""dining_room"": 1.0, ""hall"": 23.0, ""hall_2"": 9.5, ""kitchen"": 0.0, ""living_room"": 2.5, ""stair"": 0.0}, ""top_3_highest_choice"": [""hall"", ""hall_2"", ""living_room""]}","{""metric_values"": {""bath_room"": 0.0, ""bed_room_1"": 0.0, ""bed_room_2"": 0.0, ""dining_room"": 1.0, ""hall"": 23.0, ""hall_2"": 9.5, ""kitchen"": 0.0, ""living_room"": 2.5, ""stair"": 0.0}, ""top_3_highest_choice"": [""hall"", ""hall_2"", ""living_room""]}","{""bath_room"": 0.0, ""bed_room_1"": 0.0, ""bed_room_2"": 0.0, ""dining_room"": 1.0, ""hall"": 23.0, ""hall_2"": 9.5, ""kitchen"": 0.0, ""living_room"": 2.5, ""stair"": 0.0}","[""hall"", ""hall_2"", ""living_room""]","{""bath_room"": 0.0, ""bed_room_1"": 0.0, ""bed_room_2"": 0.0, ""dining_room"": 1.0, ""hall"": 23.0, ""hall_2"": 9.5, ""kitchen"": 0.0, ""living_room"": 2.5, ""stair"": 0.0}","[""hall"", ""hall_2"", ""living_room""]",1.0,1.0,1
graph_2_T5_choice,5,T5_choice,graph_2,4,"{""metric_values"": {""bath_room"": 0.0, ""bed_room_1"": 0.0, ""bed_room_2"": 0.0, ""dining_room"": 1.0, ""hall"": 23.0, ""hall_2"": 9.5, ""kitchen"": 0.0, ""living_room"": 2.5, ""stair"": 0.0}, ""top_3_highest_choice"": [""hall"", ""hall_2"", ""living_room""]}","{""metric_values"": {""bath_room"": 0.0, ""bed_room_1"": 0.0, ""bed_room_2"": 0.0, ""dining_room"": 1.0, ""hall"": 23.0, ""hall_2"": 9.5, ""kitchen"": 0.0, ""living_room"": 2.5, ""stair"": 0.0}, ""top_3_highest_choice"": [""hall"", ""hall_2"", ""living_room""]}","{""bath_room"": 0.0, ""bed_room_1"": 0.0, ""bed_room_2"": 0.0, ""dining_room"": 1.0, ""hall"": 23.0, ""hall_2"": 9.5, ""kitchen"": 0.0, ""living_room"": 2.5, ""stair"": 0.0}","[""hall"", ""hall_2"", ""living_room""]","{""bath_room"": 0.0, ""bed_room_1"": 0.0, ""bed_room_2"": 0.0, ""dining_room"": 1.0, ""hall"": 23.0, ""hall_2"": 9.5, ""kitchen"": 0.0, ""living_room"": 2.5, ""stair"": 0.0}","[""hall"", ""hall_2"", ""living_room""]",1.0,1.0,1
graph_2_T5_choice,5,T5_choice,graph_2,5,"{""metric_values"": {""bath_room"": 0.0, ""bed_room_1"": 0.0, ""bed_room_2"": 0.0, ""dining_room"": 1.0, ""hall"": 23.0, ""hall_2"": 9.5, ""kitchen"": 0.0, ""living_room"": 2.5, ""stair"": 0.0}, ""top_3_highest_choice"": [""hall"", ""hall_2"", ""living_room""]}","{""metric_values"": {""bath_room"": 0.0, ""bed_room_1"": 0.0, ""bed_room_2"": 0.0, ""dining_room"": 1.0, ""hall"": 23.0, ""hall_2"": 9.5, ""kitchen"": 0.0, ""living_room"": 2.5, ""stair"": 0.0}, ""top_3_highest_choice"": [""hall"", ""hall_2"", ""living_room""]}","{""bath_room"": 0.0, ""bed_room_1"": 0.0, ""bed_room_2"": 0.0, ""dining_room"": 1.0, ""hall"": 23.0, ""hall_2"": 9.5, ""kitchen"": 0.0, ""living_room"": 2.5, ""stair"": 0.0}","[""hall"", ""hall_2"", ""living_room""]","{""bath_room"": 0.0, ""bed_room_1"": 0.0, ""bed_room_2"": 0.0, ""dining_room"": 1.0, ""hall"": 23.0, ""hall_2"": 9.5, ""kitchen"": 0.0, ""living_room"": 2.5, ""stair"": 0.0}","[""hall"", ""hall_2"", ""living_room""]",1.0,1.0,1
graph_3_T4_mean_depth,4,T4_mean_depth,graph_3,1,"{""metric_values"": {""bath_room"": 2.2222, ""bed_room_1"": 1.8889, ""bed_room_2"": 2.2222, ""dining_room"": 2.1111, ""front_porch"": 2.5556, ""hall"": 1.3333, ""kitchen"": 1.7778, ""living_room"": 1.6667, ""service_porch"": 2.6667, ""stair"": 2.2222}, ""top_3_lowest_mean_depth"": [""hall"", ""living_room"", ""kitchen""]}","{""metric_values"": {""bath_room"": 2.2222, ""bed_room_1"": 1.8889, ""bed_room_2"": 2.2222, ""dining_room"": 2.1111, ""front_porch"": 2.5556, ""hall"": 1.3333, ""kitchen"": 1.7778, ""living_room"": 1.6667, ""service_porch"": 2.6667, ""stair"": 2.2222}, ""top_3_lowest_mean_depth"": [""hall"", ""living_room"", ""kitchen""]}","{""bath_room"": 2.2222, ""bed_room_1"": 1.8889, ""bed_room_2"": 2.2222, ""dining_room"": 2.1111, ""front_porch"": 2.5556, ""hall"": 1.3333, ""kitchen"": 1.7778, ""living_room"": 1.6667, ""service_porch"": 2.6667, ""stair"": 2.2222}","[""hall"", ""living_room"", ""kitchen""]","{""bath_room"": 2.2222, ""bed_room_1"": 1.8889, ""bed_room_2"": 2.2222, ""dining_room"": 2.1111, ""front_porch"": 2.5556, ""hall"": 1.3333, ""kitchen"": 1.7778, ""living_room"": 1.6667, ""service_porch"": 2.6667, ""stair"": 2.2222}","[""hall"", ""living_room"", ""kitchen""]",1.0,1.0,1
graph_3_T4_mean_depth,4,T4_mean_depth,graph_3,2,"{""metric_values"": {""bath_room"": 2.2222, ""bed_room_1"": 1.8889, ""bed_room_2"": 2.2222, ""dining_room"": 2.1111, ""front_porch"": 2.5556, ""hall"": 1.3333, ""kitchen"": 1.7778, ""living_room"": 1.6667, ""service_porch"": 2.6667, ""stair"": 2.2222}, ""top_3_lowest_mean_depth"": [""hall"", ""living_room"", ""kitchen""]}","{""metric_values"": {""bath_room"": 2.2222, ""bed_room_1"": 1.8889, ""bed_room_2"": 2.2222, ""dining_room"": 2.1111, ""front_porch"": 2.5556, ""hall"": 1.3333, ""kitchen"": 1.7778, ""living_room"": 1.6667, ""service_porch"": 2.6667, ""stair"": 2.2222}, ""top_3_lowest_mean_depth"": [""hall"", ""living_room"", ""kitchen""]}","{""bath_room"": 2.2222, ""bed_room_1"": 1.8889, ""bed_room_2"": 2.2222, ""dining_room"": 2.1111, ""front_porch"": 2.5556, ""hall"": 1.3333, ""kitchen"": 1.7778, ""living_room"": 1.6667, ""service_porch"": 2.6667, ""stair"": 2.2222}","[""hall"", ""living_room"", ""kitchen""]","{""bath_room"": 2.2222, ""bed_room_1"": 1.8889, ""bed_room_2"": 2.2222, ""dining_room"": 2.1111, ""front_porch"": 2.5556, ""hall"": 1.3333, ""kitchen"": 1.7778, ""living_room"": 1.6667, ""service_porch"": 2.6667, ""stair"": 2.2222}","[""hall"", ""living_room"", ""kitchen""]",1.0,1.0,1
graph_3_T4_mean_depth,4,T4_mean_depth,graph_3,3,"{""metric_values"": {""bath_room"": 2.2222, ""bed_room_1"": 1.8889, ""bed_room_2"": 2.2222, ""dining_room"": 2.1111, ""front_porch"": 2.5556, ""hall"": 1.3333, ""kitchen"": 1.7778, ""living_room"": 1.6667, ""service_porch"": 2.6667, ""stair"": 2.2222}, ""top_3_lowest_mean_depth"": [""hall"", ""living_room"", ""kitchen""]}","{""metric_values"": {""bath_room"": 2.2222, ""bed_room_1"": 1.8889, ""bed_room_2"": 2.2222, ""dining_room"": 2.1111, ""front_porch"": 2.5556, ""hall"": 1.3333, ""kitchen"": 1.7778, ""living_room"": 1.6667, ""service_porch"": 2.6667, ""stair"": 2.2222}, ""top_3_lowest_mean_depth"": [""hall"", ""living_room"", ""kitchen""]}","{""bath_room"": 2.2222, ""bed_room_1"": 1.8889, ""bed_room_2"": 2.2222, ""dining_room"": 2.1111, ""front_porch"": 2.5556, ""hall"": 1.3333, ""kitchen"": 1.7778, ""living_room"": 1.6667, ""service_porch"": 2.6667, ""stair"": 2.2222}","[""hall"", ""living_room"", ""kitchen""]","{""bath_room"": 2.2222, ""bed_room_1"": 1.8889, ""bed_room_2"": 2.2222, ""dining_room"": 2.1111, ""front_porch"": 2.5556, ""hall"": 1.3333, ""kitchen"": 1.7778, ""living_room"": 1.6667, ""service_porch"": 2.6667, ""stair"": 2.2222}","[""hall"", ""living_room"", ""kitchen""]",1.0,1.0,1
graph_3_T4_mean_depth,4,T4_mean_depth,graph_3,4,"{""metric_values"": {""bath_room"": 2.2222, ""bed_room_1"": 1.8889, ""bed_room_2"": 2.2222, ""dining_room"": 2.1111, ""front_porch"": 2.5556, ""hall"": 1.3333, ""kitchen"": 1.7778, ""living_room"": 1.6667, ""service_porch"": 2.6667, ""stair"": 2.2222}, ""top_3_lowest_mean_depth"": [""hall"", ""living_room"", ""kitchen""]}","{""metric_values"": {""bath_room"": 2.2222, ""bed_room_1"": 1.8889, ""bed_room_2"": 2.2222, ""dining_room"": 2.1111, ""front_porch"": 2.5556, ""hall"": 1.3333, ""kitchen"": 1.7778, ""living_room"": 1.6667, ""service_porch"": 2.6667, ""stair"": 2.2222}, ""top_3_lowest_mean_depth"": [""hall"", ""living_room"", ""kitchen""]}","{""bath_room"": 2.2222, ""bed_room_1"": 1.8889, ""bed_room_2"": 2.2222, ""dining_room"": 2.1111, ""front_porch"": 2.5556, ""hall"": 1.3333, ""kitchen"": 1.7778, ""living_room"": 1.6667, ""service_porch"": 2.6667, ""stair"": 2.2222}","[""hall"", ""living_room"", ""kitchen""]","{""bath_room"": 2.2222, ""bed_room_1"": 1.8889, ""bed_room_2"": 2.2222, ""dining_room"": 2.1111, ""front_porch"": 2.5556, ""hall"": 1.3333, ""kitchen"": 1.7778, ""living_room"": 1.6667, ""service_porch"": 2.6667, ""stair"": 2.2222}","[""hall"", ""living_room"", ""kitchen""]",1.0,1.0,1
graph_3_T4_mean_depth,4,T4_mean_depth,graph_3,5,"{""metric_values"": {""bath_room"": 2.2222, ""bed_room_1"": 1.8889, ""bed_room_2"": 2.2222, ""dining_room"": 2.1111, ""front_porch"": 2.5556, ""hall"": 1.3333, ""kitchen"": 1.7778, ""living_room"": 1.6667, ""service_porch"": 2.6667, ""stair"": 2.2222}, ""top_3_lowest_mean_depth"": [""hall"", ""living_room"", ""kitchen""]}","{""metric_values"": {""bath_room"": 2.2222, ""bed_room_1"": 1.8889, ""bed_room_2"": 2.2222, ""dining_room"": 2.1111, ""front_porch"": 2.5556, ""hall"": 1.3333, ""kitchen"": 1.7778, ""living_room"": 1.6667, ""service_porch"": 2.6667, ""stair"": 2.2222}, ""top_3_lowest_mean_depth"": [""hall"", ""living_room"", ""kitchen""]}","{""bath_room"": 2.2222, ""bed_room_1"": 1.8889, ""bed_room_2"": 2.2222, ""dining_room"": 2.1111, ""front_porch"": 2.5556, ""hall"": 1.3333, ""kitchen"": 1.7778, ""living_room"": 1.6667, ""service_porch"": 2.6667, ""stair"": 2.2222}","[""hall"", ""living_room"", ""kitchen""]","{""bath_room"": 2.2222, ""bed_room_1"": 1.8889, ""bed_room_2"": 2.2222, ""dining_room"": 2.1111, ""front_porch"": 2.5556, ""hall"": 1.3333, ""kitchen"": 1.7778, ""living_room"": 1.6667, ""service_porch"": 2.6667, ""stair"": 2.2222}","[""hall"", ""living_room"", ""kitchen""]",1.0,1.0,1
graph_3_T5_choice,5,T5_choice,graph_3,1,"{""metric_values"": {""bath_room"": 0.0, ""bed_room_1"": 0.0, ""bed_room_2"": 0.0, ""dining_room"": 2.0, ""front_porch"": 0.0, ""hall"": 25.0, ""kitchen"": 10.0, ""living_room"": 11.0, ""service_porch"": 0.0, ""stair"": 0.0}, ""top_3_highest_choice"": [""hall"", ""living_room"", ""kitchen""]}","{""metric_values"": {""bath_room"": 0.0, ""bed_room_1"": 0.0, ""bed_room_2"": 0.0, ""dining_room"": 2.0, ""front_porch"": 0.0, ""hall"": 25.0, ""kitchen"": 10.0, ""living_room"": 11.0, ""service_porch"": 0.0, ""stair"": 0.0}, ""top_3_highest_choice"": [""hall"", ""living_room"", ""kitchen""]}","{""bath_room"": 0.0, ""bed_room_1"": 0.0, ""bed_room_2"": 0.0, ""dining_room"": 2.0, ""front_porch"": 0.0, ""hall"": 25.0, ""kitchen"": 10.0, ""living_room"": 11.0, ""service_porch"": 0.0, ""stair"": 0.0}","[""hall"", ""living_room"", ""kitchen""]","{""bath_room"": 0.0, ""bed_room_1"": 0.0, ""bed_room_2"": 0.0, ""dining_room"": 2.0, ""front_porch"": 0.0, ""hall"": 25.0, ""kitchen"": 10.0, ""living_room"": 11.0, ""service_porch"": 0.0, ""stair"": 0.0}","[""hall"", ""living_room"", ""kitchen""]",1.0,1.0,1
graph_3_T5_choice,5,T5_choice,graph_3,2,"{""metric_values"": {""bath_room"": 0.0, ""bed_room_1"": 0.0, ""bed_room_2"": 0.0, ""dining_room"": 2.0, ""front_porch"": 0.0, ""hall"": 25.0, ""kitchen"": 10.0, ""living_room"": 11.0, ""service_porch"": 0.0, ""stair"": 0.0}, ""top_3_highest_choice"": [""hall"", ""living_room"", ""kitchen""]}","{""metric_values"": {""bath_room"": 0.0, ""bed_room_1"": 0.0, ""bed_room_2"": 0.0, ""dining_room"": 2.0, ""front_porch"": 0.0, ""hall"": 25.0, ""kitchen"": 10.0, ""living_room"": 11.0, ""service_porch"": 0.0, ""stair"": 0.0}, ""top_3_highest_choice"": [""hall"", ""living_room"", ""kitchen""]}","{""bath_room"": 0.0, ""bed_room_1"": 0.0, ""bed_room_2"": 0.0, ""dining_room"": 2.0, ""front_porch"": 0.0, ""hall"": 25.0, ""kitchen"": 10.0, ""living_room"": 11.0, ""service_porch"": 0.0, ""stair"": 0.0}","[""hall"", ""living_room"", ""kitchen""]","{""bath_room"": 0.0, ""bed_room_1"": 0.0, ""bed_room_2"": 0.0, ""dining_room"": 2.0, ""front_porch"": 0.0, ""hall"": 25.0, ""kitchen"": 10.0, ""living_room"": 11.0, ""service_porch"": 0.0, ""stair"": 0.0}","[""hall"", ""living_room"", ""kitchen""]",1.0,1.0,1
graph_3_T5_choice,5,T5_choice,graph_3,3,"{""metric_values"": {""bath_room"": 0.0, ""bed_room_1"": 0.0, ""bed_room_2"": 0.0, ""dining_room"": 2.0, ""front_porch"": 0.0, ""hall"": 25.0, ""kitchen"": 10.0, ""living_room"": 11.0, ""service_porch"": 0.0, ""stair"": 0.0}, ""top_3_highest_choice"": [""hall"", ""living_room"", ""kitchen""]}","{""metric_values"": {""bath_room"": 0.0, ""bed_room_1"": 0.0, ""bed_room_2"": 0.0, ""dining_room"": 2.0, ""front_porch"": 0.0, ""hall"": 25.0, ""kitchen"": 10.0, ""living_room"": 11.0, ""service_porch"": 0.0, ""stair"": 0.0}, ""top_3_highest_choice"": [""hall"", ""living_room"", ""kitchen""]}","{""bath_room"": 0.0, ""bed_room_1"": 0.0, ""bed_room_2"": 0.0, ""dining_room"": 2.0, ""front_porch"": 0.0, ""hall"": 25.0, ""kitchen"": 10.0, ""living_room"": 11.0, ""service_porch"": 0.0, ""stair"": 0.0}","[""hall"", ""living_room"", ""kitchen""]","{""bath_room"": 0.0, ""bed_room_1"": 0.0, ""bed_room_2"": 0.0, ""dining_room"": 2.0, ""front_porch"": 0.0, ""hall"": 25.0, ""kitchen"": 10.0, ""living_room"": 11.0, ""service_porch"": 0.0, ""stair"": 0.0}","[""hall"", ""living_room"", ""kitchen""]",1.0,1.0,1
graph_3_T5_choice,5,T5_choice,graph_3,4,"{""metric_values"": {""bath_room"": 0.0, ""bed_room_1"": 0.0, ""bed_room_2"": 0.0, ""dining_room"": 2.0, ""front_porch"": 0.0, ""hall"": 25.0, ""kitchen"": 10.0, ""living_room"": 11.0, ""service_porch"": 0.0, ""stair"": 0.0}, ""top_3_highest_choice"": [""hall"", ""living_room"", ""kitchen""]}","{""metric_values"": {""bath_room"": 0.0, ""bed_room_1"": 0.0, ""bed_room_2"": 0.0, ""dining_room"": 2.0, ""front_porch"": 0.0, ""hall"": 25.0, ""kitchen"": 10.0, ""living_room"": 11.0, ""service_porch"": 0.0, ""stair"": 0.0}, ""top_3_highest_choice"": [""hall"", ""living_room"", ""kitchen""]}","{""bath_room"": 0.0, ""bed_room_1"": 0.0, ""bed_room_2"": 0.0, ""dining_room"": 2.0, ""front_porch"": 0.0, ""hall"": 25.0, ""kitchen"": 10.0, ""living_room"": 11.0, ""service_porch"": 0.0, ""stair"": 0.0}","[""hall"", ""living_room"", ""kitchen""]","{""bath_room"": 0.0, ""bed_room_1"": 0.0, ""bed_room_2"": 0.0, ""dining_room"": 2.0, ""front_porch"": 0.0, ""hall"": 25.0, ""kitchen"": 10.0, ""living_room"": 11.0, ""service_porch"": 0.0, ""stair"": 0.0}","[""hall"", ""living_room"", ""kitchen""]",1.0,1.0,1
graph_3_T5_choice,5,T5_choice,graph_3,5,"{""metric_values"": {""bath_room"": 0.0, ""bed_room_1"": 0.0, ""bed_room_2"": 0.0, ""dining_room"": 2.0, ""front_porch"": 0.0, ""hall"": 25.0, ""kitchen"": 10.0, ""living_room"": 11.0, ""service_porch"": 0.0, ""stair"": 0.0}, ""top_3_highest_choice"": [""hall"", ""living_room"", ""kitchen""]}","{""metric_values"": {""bath_room"": 0.0, ""bed_room_1"": 0.0, ""bed_room_2"": 0.0, ""dining_room"": 2.0, ""front_porch"": 0.0, ""hall"": 25.0, ""kitchen"": 10.0, ""living_room"": 11.0, ""service_porch"": 0.0, ""stair"": 0.0}, ""top_3_highest_choice"": [""hall"", ""living_room"", ""kitchen""]}","{""bath_room"": 0.0, ""bed_room_1"": 0.0, ""bed_room_2"": 0.0, ""dining_room"": 2.0, ""front_porch"": 0.0, ""hall"": 25.0, ""kitchen"": 10.0, ""living_room"": 11.0, ""service_porch"": 0.0, ""stair"": 0.0}","[""hall"", ""living_room"", ""kitchen""]","{""bath_room"": 0.0, ""bed_room_1"": 0.0, ""bed_room_2"": 0.0, ""dining_room"": 2.0, ""front_porch"": 0.0, ""hall"": 25.0, ""kitchen"": 10.0, ""living_room"": 11.0, ""service_porch"": 0.0, ""stair"": 0.0}","[""hall"", ""living_room"", ""kitchen""]",1.0,1.0,1
graph_4_T4_mean_depth,4,T4_mean_depth,graph_4,1,"{""metric_values"": {""bath_room"": 2.4545, ""bed_room_1"": 2.2727, ""bed_room_2"": 2.2727, ""dining_room"": 1.8182, ""front_porch"": 3.2727, ""hall"": 1.5455, ""kitchen"": 1.8182, ""living_room"": 2.3636, ""service_entry"": 2.7273, ""sleeping_porch"": 3.0, ""stair"": 2.4545, ""sun_room"": 2.3636}, ""top_3_lowest_mean_depth"": [""hall"", ""dining_room"", ""kitchen""]}","{""metric_values"": {""bath_room"": 2.4545, ""bed_room_1"": 2.2727, ""bed_room_2"": 2.2727, ""dining_room"": 1.8182, ""front_porch"": 3.2727, ""hall"": 1.5455, ""kitchen"": 1.8182, ""living_room"": 2.3636, ""service_entry"": 2.7273, ""sleeping_porch"": 3.0, ""stair"": 2.4545, ""sun_room"": 2.3636}, ""top_3_lowest_mean_depth"": [""hall"", ""dining_room"", ""kitchen""]}","{""bath_room"": 2.4545, ""bed_room_1"": 2.2727, ""bed_room_2"": 2.2727, ""dining_room"": 1.8182, ""front_porch"": 3.2727, ""hall"": 1.5455, ""kitchen"": 1.8182, ""living_room"": 2.3636, ""service_entry"": 2.7273, ""sleeping_porch"": 3.0, ""stair"": 2.4545, ""sun_room"": 2.3636}","[""hall"", ""dining_room"", ""kitchen""]","{""bath_room"": 2.4545, ""bed_room_1"": 2.2727, ""bed_room_2"": 2.2727, ""dining_room"": 1.8182, ""front_porch"": 3.2727, ""hall"": 1.5455, ""kitchen"": 1.8182, ""living_room"": 2.3636, ""service_entry"": 2.7273, ""sleeping_porch"": 3.0, ""stair"": 2.4545, ""sun_room"": 2.3636}","[""hall"", ""dining_room"", ""kitchen""]",1.0,1.0,1
graph_4_T4_mean_depth,4,T4_mean_depth,graph_4,2,"{""metric_values"": {""bath_room"": 2.4545, ""bed_room_1"": 2.2727, ""bed_room_2"": 2.2727, ""dining_room"": 1.8182, ""front_porch"": 3.2727, ""hall"": 1.5455, ""kitchen"": 1.8182, ""living_room"": 2.3636, ""service_entry"": 2.7273, ""sleeping_porch"": 3.0, ""stair"": 2.4545, ""sun_room"": 2.3636}, ""top_3_lowest_mean_depth"": [""hall"", ""dining_room"", ""kitchen""]}","{""metric_values"": {""bath_room"": 2.4545, ""bed_room_1"": 2.2727, ""bed_room_2"": 2.2727, ""dining_room"": 1.8182, ""front_porch"": 3.2727, ""hall"": 1.5455, ""kitchen"": 1.8182, ""living_room"": 2.3636, ""service_entry"": 2.7273, ""sleeping_porch"": 3.0, ""stair"": 2.4545, ""sun_room"": 2.3636}, ""top_3_lowest_mean_depth"": [""hall"", ""dining_room"", ""kitchen""]}","{""bath_room"": 2.4545, ""bed_room_1"": 2.2727, ""bed_room_2"": 2.2727, ""dining_room"": 1.8182, ""front_porch"": 3.2727, ""hall"": 1.5455, ""kitchen"": 1.8182, ""living_room"": 2.3636, ""service_entry"": 2.7273, ""sleeping_porch"": 3.0, ""stair"": 2.4545, ""sun_room"": 2.3636}","[""hall"", ""dining_room"", ""kitchen""]","{""bath_room"": 2.4545, ""bed_room_1"": 2.2727, ""bed_room_2"": 2.2727, ""dining_room"": 1.8182, ""front_porch"": 3.2727, ""hall"": 1.5455, ""kitchen"": 1.8182, ""living_room"": 2.3636, ""service_entry"": 2.7273, ""sleeping_porch"": 3.0, ""stair"": 2.4545, ""sun_room"": 2.3636}","[""hall"", ""dining_room"", ""kitchen""]",1.0,1.0,1
graph_4_T4_mean_depth,4,T4_mean_depth,graph_4,3,"{""metric_values"": {""bath_room"": 2.4545, ""bed_room_1"": 2.2727, ""bed_room_2"": 2.2727, ""dining_room"": 1.8182, ""front_porch"": 3.2727, ""hall"": 1.5455, ""kitchen"": 1.8182, ""living_room"": 2.3636, ""service_entry"": 2.7273, ""sleeping_porch"": 3.0, ""stair"": 2.4545, ""sun_room"": 2.3636}, ""top_3_lowest_mean_depth"": [""hall"", ""dining_room"", ""kitchen""]}","{""metric_values"": {""bath_room"": 2.4545, ""bed_room_1"": 2.2727, ""bed_room_2"": 2.2727, ""dining_room"": 1.8182, ""front_porch"": 3.2727, ""hall"": 1.5455, ""kitchen"": 1.8182, ""living_room"": 2.3636, ""service_entry"": 2.7273, ""sleeping_porch"": 3.0, ""stair"": 2.4545, ""sun_room"": 2.3636}, ""top_3_lowest_mean_depth"": [""hall"", ""dining_room"", ""kitchen""]}","{""bath_room"": 2.4545, ""bed_room_1"": 2.2727, ""bed_room_2"": 2.2727, ""dining_room"": 1.8182, ""front_porch"": 3.2727, ""hall"": 1.5455, ""kitchen"": 1.8182, ""living_room"": 2.3636, ""service_entry"": 2.7273, ""sleeping_porch"": 3.0, ""stair"": 2.4545, ""sun_room"": 2.3636}","[""hall"", ""dining_room"", ""kitchen""]","{""bath_room"": 2.4545, ""bed_room_1"": 2.2727, ""bed_room_2"": 2.2727, ""dining_room"": 1.8182, ""front_porch"": 3.2727, ""hall"": 1.5455, ""kitchen"": 1.8182, ""living_room"": 2.3636, ""service_entry"": 2.7273, ""sleeping_porch"": 3.0, ""stair"": 2.4545, ""sun_room"": 2.3636}","[""hall"", ""dining_room"", ""kitchen""]",1.0,1.0,1
graph_4_T4_mean_depth,4,T4_mean_depth,graph_4,4,"{""metric_values"": {""bath_room"": 2.4545, ""bed_room_1"": 2.2727, ""bed_room_2"": 2.2727, ""dining_room"": 1.8182, ""front_porch"": 3.2727, ""hall"": 1.5455, ""kitchen"": 1.8182, ""living_room"": 2.3636, ""service_entry"": 2.7273, ""sleeping_porch"": 3.0, ""stair"": 2.4545, ""sun_room"": 2.3636}, ""top_3_lowest_mean_depth"": [""hall"", ""dining_room"", ""kitchen""]}","{""metric_values"": {""bath_room"": 2.4545, ""bed_room_1"": 2.2727, ""bed_room_2"": 2.2727, ""dining_room"": 1.8182, ""front_porch"": 3.2727, ""hall"": 1.5455, ""kitchen"": 1.8182, ""living_room"": 2.3636, ""service_entry"": 2.7273, ""sleeping_porch"": 3.0, ""stair"": 2.4545, ""sun_room"": 2.3636}, ""top_3_lowest_mean_depth"": [""hall"", ""dining_room"", ""kitchen""]}","{""bath_room"": 2.4545, ""bed_room_1"": 2.2727, ""bed_room_2"": 2.2727, ""dining_room"": 1.8182, ""front_porch"": 3.2727, ""hall"": 1.5455, ""kitchen"": 1.8182, ""living_room"": 2.3636, ""service_entry"": 2.7273, ""sleeping_porch"": 3.0, ""stair"": 2.4545, ""sun_room"": 2.3636}","[""hall"", ""dining_room"", ""kitchen""]","{""bath_room"": 2.4545, ""bed_room_1"": 2.2727, ""bed_room_2"": 2.2727, ""dining_room"": 1.8182, ""front_porch"": 3.2727, ""hall"": 1.5455, ""kitchen"": 1.8182, ""living_room"": 2.3636, ""service_entry"": 2.7273, ""sleeping_porch"": 3.0, ""stair"": 2.4545, ""sun_room"": 2.3636}","[""hall"", ""dining_room"", ""kitchen""]",1.0,1.0,1
graph_4_T4_mean_depth,4,T4_mean_depth,graph_4,5,"{""metric_values"": {""bath_room"": 2.4545, ""bed_room_1"": 2.2727, ""bed_room_2"": 2.2727, ""dining_room"": 1.8182, ""front_porch"": 3.2727, ""hall"": 1.5455, ""kitchen"": 1.8182, ""living_room"": 2.3636, ""service_entry"": 2.7273, ""sleeping_porch"": 3.0, ""stair"": 2.4545, ""sun_room"": 2.3636}, ""top_3_lowest_mean_depth"": [""hall"", ""dining_room"", ""kitchen""]}","{""metric_values"": {""bath_room"": 2.4545, ""bed_room_1"": 2.2727, ""bed_room_2"": 2.2727, ""dining_room"": 1.8182, ""front_porch"": 3.2727, ""hall"": 1.5455, ""kitchen"": 1.8182, ""living_room"": 2.3636, ""service_entry"": 2.7273, ""sleeping_porch"": 3.0, ""stair"": 2.4545, ""sun_room"": 2.3636}, ""top_3_lowest_mean_depth"": [""hall"", ""dining_room"", ""kitchen""]}","{""bath_room"": 2.4545, ""bed_room_1"": 2.2727, ""bed_room_2"": 2.2727, ""dining_room"": 1.8182, ""front_porch"": 3.2727, ""hall"": 1.5455, ""kitchen"": 1.8182, ""living_room"": 2.3636, ""service_entry"": 2.7273, ""sleeping_porch"": 3.0, ""stair"": 2.4545, ""sun_room"": 2.3636}","[""hall"", ""dining_room"", ""kitchen""]","{""bath_room"": 2.4545, ""bed_room_1"": 2.2727, ""bed_room_2"": 2.2727, ""dining_room"": 1.8182, ""front_porch"": 3.2727, ""hall"": 1.5455, ""kitchen"": 1.8182, ""living_room"": 2.3636, ""service_entry"": 2.7273, ""sleeping_porch"": 3.0, ""stair"": 2.4545, ""sun_room"": 2.3636}","[""hall"", ""dining_room"", ""kitchen""]",1.0,1.0,1
graph_4_T5_choice,5,T5_choice,graph_4,1,"{""metric_values"": {""bath_room"": 0.0, ""bed_room_1"": 4.5, ""bed_room_2"": 4.5, ""dining_room"": 14.0, ""front_porch"": 0.0, ""hall"": 37.5, ""kitchen"": 16.5, ""living_room"": 10.5, ""service_entry"": 0.0, ""sleeping_porch"": 0.5, ""stair"": 0.0, ""sun_room"": 2.0}, ""top_3_highest_choice"": [""hall"", ""kitchen"", ""dining_room""]}","{""metric_values"": {""bath_room"": 0.0, ""bed_room_1"": 4.5, ""bed_room_2"": 4.5, ""dining_room"": 14.0, ""front_porch"": 0.0, ""hall"": 37.5, ""kitchen"": 16.5, ""living_room"": 10.5, ""service_entry"": 0.0, ""sleeping_porch"": 0.5, ""stair"": 0.0, ""sun_room"": 2.0}, ""top_3_highest_choice"": [""hall"", ""kitchen"", ""dining_room""]}","{""bath_room"": 0.0, ""bed_room_1"": 4.5, ""bed_room_2"": 4.5, ""dining_room"": 14.0, ""front_porch"": 0.0, ""hall"": 37.5, ""kitchen"": 16.5, ""living_room"": 10.5, ""service_entry"": 0.0, ""sleeping_porch"": 0.5, ""stair"": 0.0, ""sun_room"": 2.0}","[""hall"", ""kitchen"", ""dining_room""]","{""bath_room"": 0.0, ""bed_room_1"": 4.5, ""bed_room_2"": 4.5, ""dining_room"": 14.0, ""front_porch"": 0.0, ""hall"": 37.5, ""kitchen"": 16.5, ""living_room"": 10.5, ""service_entry"": 0.0, ""sleeping_porch"": 0.5, ""stair"": 0.0, ""sun_room"": 2.0}","[""hall"", ""kitchen"", ""dining_room""]",1.0,1.0,1
graph_4_T5_choice,5,T5_choice,graph_4,2,"{""metric_values"": {""bath_room"": 0.0, ""bed_room_1"": 4.5, ""bed_room_2"": 4.5, ""dining_room"": 14.0, ""front_porch"": 0.0, ""hall"": 37.5, ""kitchen"": 16.5, ""living_room"": 10.5, ""service_entry"": 0.0, ""sleeping_porch"": 0.5, ""stair"": 0.0, ""sun_room"": 2.0}, ""top_3_highest_choice"": [""hall"", ""kitchen"", ""dining_room""]}","{""metric_values"": {""bath_room"": 0.0, ""bed_room_1"": 4.5, ""bed_room_2"": 4.5, ""dining_room"": 14.0, ""front_porch"": 0.0, ""hall"": 37.5, ""kitchen"": 16.5, ""living_room"": 10.5, ""service_entry"": 0.0, ""sleeping_porch"": 0.5, ""stair"": 0.0, ""sun_room"": 2.0}, ""top_3_highest_choice"": [""hall"", ""kitchen"", ""dining_room""]}","{""bath_room"": 0.0, ""bed_room_1"": 4.5, ""bed_room_2"": 4.5, ""dining_room"": 14.0, ""front_porch"": 0.0, ""hall"": 37.5, ""kitchen"": 16.5, ""living_room"": 10.5, ""service_entry"": 0.0, ""sleeping_porch"": 0.5, ""stair"": 0.0, ""sun_room"": 2.0}","[""hall"", ""kitchen"", ""dining_room""]","{""bath_room"": 0.0, ""bed_room_1"": 4.5, ""bed_room_2"": 4.5, ""dining_room"": 14.0, ""front_porch"": 0.0, ""hall"": 37.5, ""kitchen"": 16.5, ""living_room"": 10.5, ""service_entry"": 0.0, ""sleeping_porch"": 0.5, ""stair"": 0.0, ""sun_room"": 2.0}","[""hall"", ""kitchen"", ""dining_room""]",1.0,1.0,1
graph_4_T5_choice,5,T5_choice,graph_4,3,"{""metric_values"": {""bath_room"": 0.0, ""bed_room_1"": 4.5, ""bed_room_2"": 4.5, ""dining_room"": 14.0, ""front_porch"": 0.0, ""hall"": 37.5, ""kitchen"": 16.5, ""living_room"": 10.5, ""service_entry"": 0.0, ""sleeping_porch"": 0.5, ""stair"": 0.0, ""sun_room"": 2.0}, ""top_3_highest_choice"": [""hall"", ""kitchen"", ""dining_room""]}","{""metric_values"": {""bath_room"": 0.0, ""bed_room_1"": 4.5, ""bed_room_2"": 4.5, ""dining_room"": 14.0, ""front_porch"": 0.0, ""hall"": 37.5, ""kitchen"": 16.5, ""living_room"": 10.5, ""service_entry"": 0.0, ""sleeping_porch"": 0.5, ""stair"": 0.0, ""sun_room"": 2.0}, ""top_3_highest_choice"": [""hall"", ""kitchen"", ""dining_room""]}","{""bath_room"": 0.0, ""bed_room_1"": 4.5, ""bed_room_2"": 4.5, ""dining_room"": 14.0, ""front_porch"": 0.0, ""hall"": 37.5, ""kitchen"": 16.5, ""living_room"": 10.5, ""service_entry"": 0.0, ""sleeping_porch"": 0.5, ""stair"": 0.0, ""sun_room"": 2.0}","[""hall"", ""kitchen"", ""dining_room""]","{""bath_room"": 0.0, ""bed_room_1"": 4.5, ""bed_room_2"": 4.5, ""dining_room"": 14.0, ""front_porch"": 0.0, ""hall"": 37.5, ""kitchen"": 16.5, ""living_room"": 10.5, ""service_entry"": 0.0, ""sleeping_porch"": 0.5, ""stair"": 0.0, ""sun_room"": 2.0}","[""hall"", ""kitchen"", ""dining_room""]",1.0,1.0,1
graph_4_T5_choice,5,T5_choice,graph_4,4,"{""metric_values"": {""bath_room"": 0.0, ""bed_room_1"": 4.5, ""bed_room_2"": 4.5, ""dining_room"": 14.0, ""front_porch"": 0.0, ""hall"": 37.5, ""kitchen"": 16.5, ""living_room"": 10.5, ""service_entry"": 0.0, ""sleeping_porch"": 0.5, ""stair"": 0.0, ""sun_room"": 2.0}, ""top_3_highest_choice"": [""hall"", ""kitchen"", ""dining_room""]}","{""metric_values"": {""bath_room"": 0.0, ""bed_room_1"": 4.5, ""bed_room_2"": 4.5, ""dining_room"": 14.0, ""front_porch"": 0.0, ""hall"": 37.5, ""kitchen"": 16.5, ""living_room"": 10.5, ""service_entry"": 0.0, ""sleeping_porch"": 0.5, ""stair"": 0.0, ""sun_room"": 2.0}, ""top_3_highest_choice"": [""hall"", ""kitchen"", ""dining_room""]}","{""bath_room"": 0.0, ""bed_room_1"": 4.5, ""bed_room_2"": 4.5, ""dining_room"": 14.0, ""front_porch"": 0.0, ""hall"": 37.5, ""kitchen"": 16.5, ""living_room"": 10.5, ""service_entry"": 0.0, ""sleeping_porch"": 0.5, ""stair"": 0.0, ""sun_room"": 2.0}","[""hall"", ""kitchen"", ""dining_room""]","{""bath_room"": 0.0, ""bed_room_1"": 4.5, ""bed_room_2"": 4.5, ""dining_room"": 14.0, ""front_porch"": 0.0, ""hall"": 37.5, ""kitchen"": 16.5, ""living_room"": 10.5, ""service_entry"": 0.0, ""sleeping_porch"": 0.5, ""stair"": 0.0, ""sun_room"": 2.0}","[""hall"", ""kitchen"", ""dining_room""]",1.0,1.0,1
graph_4_T5_choice,5,T5_choice,graph_4,5,"{""metric_values"": {""bath_room"": 0.0, ""bed_room_1"": 4.5, ""bed_room_2"": 4.5, ""dining_room"": 14.0, ""front_porch"": 0.0, ""hall"": 37.5, ""kitchen"": 16.5, ""living_room"": 10.5, ""service_entry"": 0.0, ""sleeping_porch"": 0.5, ""stair"": 0.0, ""sun_room"": 2.0}, ""top_3_highest_choice"": [""hall"", ""kitchen"", ""dining_room""]}","{""metric_values"": {""bath_room"": 0.0, ""bed_room_1"": 4.5, ""bed_room_2"": 4.5, ""dining_room"": 14.0, ""front_porch"": 0.0, ""hall"": 37.5, ""kitchen"": 16.5, ""living_room"": 10.5, ""service_entry"": 0.0, ""sleeping_porch"": 0.5, ""stair"": 0.0, ""sun_room"": 2.0}, ""top_3_highest_choice"": [""hall"", ""kitchen"", ""dining_room""]}","{""bath_room"": 0.0, ""bed_room_1"": 4.5, ""bed_room_2"": 4.5, ""dining_room"": 14.0, ""front_porch"": 0.0, ""hall"": 37.5, ""kitchen"": 16.5, ""living_room"": 10.5, ""service_entry"": 0.0, ""sleeping_porch"": 0.5, ""stair"": 0.0, ""sun_room"": 2.0}","[""hall"", ""kitchen"", ""dining_room""]","{""bath_room"": 0.0, ""bed_room_1"": 4.5, ""bed_room_2"": 4.5, ""dining_room"": 14.0, ""front_porch"": 0.0, ""hall"": 37.5, ""kitchen"": 16.5, ""living_room"": 10.5, ""service_entry"": 0.0, ""sleeping_porch"": 0.5, ""stair"": 0.0, ""sun_room"": 2.0}","[""hall"", ""kitchen"", ""dining_room""]",1.0,1.0,1
graph_5_T4_mean_depth,4,T4_mean_depth,graph_5,1,"{""metric_values"": {""bath_room_1"": 4.8947, ""bath_room_2"": 4.8947, ""bed_room_1"": 4.8947, ""bed_room_2"": 4.8947, ""bed_room_3"": 4.8947, ""bed_room_4"": 4.8947, ""dining_room_1"": 3.5263, ""dining_room_2"": 3.5263, ""front_porch_1"": 3.9474, ""front_porch_2"": 3.9474, ""hall_1"": 3.9474, ""hall_2"": 3.9474, ""kitchen_1"": 4.7895, ""kitchen_2"": 4.7895, ""landing"": 3.8421, ""living_room_1"": 3.2105, ""living_room_2"": 3.2105, ""service_porch_1"": 5.7368, ""service_porch_2"": 5.7368, ""stair"": 3.1053}, ""top_3_lowest_mean_depth"": [""stair"", ""living_room_1"", ""living_room_2""]}","{""metric_values"": {""bath_room_1"": 4.8947, ""bath_room_2"": 4.8947, ""bed_room_1"": 4.8947, ""bed_room_2"": 4.8947, ""bed_room_3"": 4.8947, ""bed_room_4"": 4.8947, ""dining_room_1"": 3.5263, ""dining_room_2"": 3.5263, ""front_porch_1"": 3.9474, ""front_porch_2"": 3.9474, ""hall_1"": 3.9474, ""hall_2"": 3.9474, ""kitchen_1"": 4.7895, ""kitchen_2"": 4.7895, ""landing"": 3.8421, ""living_room_1"": 3.2105, ""living_room_2"": 3.2105, ""service_porch_1"": 5.7368, ""service_porch_2"": 5.7368, ""stair"": 3.1053}, ""top_3_lowest_mean_depth"": [""stair"", ""living_room_1"", ""living_room_2""]}","{""bath_room_1"": 4.8947, ""bath_room_2"": 4.8947, ""bed_room_1"": 4.8947, ""bed_room_2"": 4.8947, ""bed_room_3"": 4.8947, ""bed_room_4"": 4.8947, ""dining_room_1"": 3.5263, ""dining_room_2"": 3.5263, ""front_porch_1"": 3.9474, ""front_porch_2"": 3.9474, ""hall_1"": 3.9474, ""hall_2"": 3.9474, ""kitchen_1"": 4.7895, ""kitchen_2"": 4.7895, ""landing"": 3.8421, ""living_room_1"": 3.2105, ""living_room_2"": 3.2105, ""service_porch_1"": 5.7368, ""service_porch_2"": 5.7368, ""stair"": 3.1053}","[""stair"", ""living_room_1"", ""living_room_2""]","{""bath_room_1"": 4.8947, ""bath_room_2"": 4.8947, ""bed_room_1"": 4.8947, ""bed_room_2"": 4.8947, ""bed_room_3"": 4.8947, ""bed_room_4"": 4.8947, ""dining_room_1"": 3.5263, ""dining_room_2"": 3.5263, ""front_porch_1"": 3.9474, ""front_porch_2"": 3.9474, ""hall_1"": 3.9474, ""hall_2"": 3.9474, ""kitchen_1"": 4.7895, ""kitchen_2"": 4.7895, ""landing"": 3.8421, ""living_room_1"": 3.2105, ""living_room_2"": 3.2105, ""service_porch_1"": 5.7368, ""service_porch_2"": 5.7368, ""stair"": 3.1053}","[""stair"", ""living_room_1"", ""living_room_2""]",1.0,1.0,1
graph_5_T4_mean_depth,4,T4_mean_depth,graph_5,2,"{""metric_values"": {""bath_room_1"": 4.8947, ""bath_room_2"": 4.8947, ""bed_room_1"": 4.8947, ""bed_room_2"": 4.8947, ""bed_room_3"": 4.8947, ""bed_room_4"": 4.8947, ""dining_room_1"": 3.5263, ""dining_room_2"": 3.5263, ""front_porch_1"": 3.9474, ""front_porch_2"": 3.9474, ""hall_1"": 3.9474, ""hall_2"": 3.9474, ""kitchen_1"": 4.7895, ""kitchen_2"": 4.7895, ""landing"": 3.8421, ""living_room_1"": 3.2105, ""living_room_2"": 3.2105, ""service_porch_1"": 5.7368, ""service_porch_2"": 5.7368, ""stair"": 3.1053}, ""top_3_lowest_mean_depth"": [""stair"", ""living_room_1"", ""living_room_2""]}","{""metric_values"": {""bath_room_1"": 4.8947, ""bath_room_2"": 4.8947, ""bed_room_1"": 4.8947, ""bed_room_2"": 4.8947, ""bed_room_3"": 4.8947, ""bed_room_4"": 4.8947, ""dining_room_1"": 3.5263, ""dining_room_2"": 3.5263, ""front_porch_1"": 3.9474, ""front_porch_2"": 3.9474, ""hall_1"": 3.9474, ""hall_2"": 3.9474, ""kitchen_1"": 4.7895, ""kitchen_2"": 4.7895, ""landing"": 3.8421, ""living_room_1"": 3.2105, ""living_room_2"": 3.2105, ""service_porch_1"": 5.7368, ""service_porch_2"": 5.7368, ""stair"": 3.1053}, ""top_3_lowest_mean_depth"": [""stair"", ""living_room_1"", ""living_room_2""]}","{""bath_room_1"": 4.8947, ""bath_room_2"": 4.8947, ""bed_room_1"": 4.8947, ""bed_room_2"": 4.8947, ""bed_room_3"": 4.8947, ""bed_room_4"": 4.8947, ""dining_room_1"": 3.5263, ""dining_room_2"": 3.5263, ""front_porch_1"": 3.9474, ""front_porch_2"": 3.9474, ""hall_1"": 3.9474, ""hall_2"": 3.9474, ""kitchen_1"": 4.7895, ""kitchen_2"": 4.7895, ""landing"": 3.8421, ""living_room_1"": 3.2105, ""living_room_2"": 3.2105, ""service_porch_1"": 5.7368, ""service_porch_2"": 5.7368, ""stair"": 3.1053}","[""stair"", ""living_room_1"", ""living_room_2""]","{""bath_room_1"": 4.8947, ""bath_room_2"": 4.8947, ""bed_room_1"": 4.8947, ""bed_room_2"": 4.8947, ""bed_room_3"": 4.8947, ""bed_room_4"": 4.8947, ""dining_room_1"": 3.5263, ""dining_room_2"": 3.5263, ""front_porch_1"": 3.9474, ""front_porch_2"": 3.9474, ""hall_1"": 3.9474, ""hall_2"": 3.9474, ""kitchen_1"": 4.7895, ""kitchen_2"": 4.7895, ""landing"": 3.8421, ""living_room_1"": 3.2105, ""living_room_2"": 3.2105, ""service_porch_1"": 5.7368, ""service_porch_2"": 5.7368, ""stair"": 3.1053}","[""stair"", ""living_room_1"", ""living_room_2""]",1.0,1.0,1
graph_5_T4_mean_depth,4,T4_mean_depth,graph_5,3,"{""metric_values"": {""bath_room_1"": 4.8947, ""bath_room_2"": 4.8947, ""bed_room_1"": 4.8947, ""bed_room_2"": 4.8947, ""bed_room_3"": 4.8947, ""bed_room_4"": 4.8947, ""dining_room_1"": 3.5263, ""dining_room_2"": 3.5263, ""front_porch_1"": 3.9474, ""front_porch_2"": 3.9474, ""hall_1"": 3.9474, ""hall_2"": 3.9474, ""kitchen_1"": 4.7895, ""kitchen_2"": 4.7895, ""landing"": 3.8421, ""living_room_1"": 3.2105, ""living_room_2"": 3.2105, ""service_porch_1"": 5.7368, ""service_porch_2"": 5.7368, ""stair"": 3.1053}, ""top_3_lowest_mean_depth"": [""stair"", ""living_room_1"", ""living_room_2""]}","{""metric_values"": {""bath_room_1"": 4.8947, ""bath_room_2"": 4.8947, ""bed_room_1"": 4.8947, ""bed_room_2"": 4.8947, ""bed_room_3"": 4.8947, ""bed_room_4"": 4.8947, ""dining_room_1"": 3.5263, ""dining_room_2"": 3.5263, ""front_porch_1"": 3.9474, ""front_porch_2"": 3.9474, ""hall_1"": 3.9474, ""hall_2"": 3.9474, ""kitchen_1"": 4.7895, ""kitchen_2"": 4.7895, ""landing"": 3.8421, ""living_room_1"": 3.2105, ""living_room_2"": 3.2105, ""service_porch_1"": 5.7368, ""service_porch_2"": 5.7368, ""stair"": 3.1053}, ""top_3_lowest_mean_depth"": [""stair"", ""living_room_1"", ""living_room_2""]}","{""bath_room_1"": 4.8947, ""bath_room_2"": 4.8947, ""bed_room_1"": 4.8947, ""bed_room_2"": 4.8947, ""bed_room_3"": 4.8947, ""bed_room_4"": 4.8947, ""dining_room_1"": 3.5263, ""dining_room_2"": 3.5263, ""front_porch_1"": 3.9474, ""front_porch_2"": 3.9474, ""hall_1"": 3.9474, ""hall_2"": 3.9474, ""kitchen_1"": 4.7895, ""kitchen_2"": 4.7895, ""landing"": 3.8421, ""living_room_1"": 3.2105, ""living_room_2"": 3.2105, ""service_porch_1"": 5.7368, ""service_porch_2"": 5.7368, ""stair"": 3.1053}","[""stair"", ""living_room_1"", ""living_room_2""]","{""bath_room_1"": 4.8947, ""bath_room_2"": 4.8947, ""bed_room_1"": 4.8947, ""bed_room_2"": 4.8947, ""bed_room_3"": 4.8947, ""bed_room_4"": 4.8947, ""dining_room_1"": 3.5263, ""dining_room_2"": 3.5263, ""front_porch_1"": 3.9474, ""front_porch_2"": 3.9474, ""hall_1"": 3.9474, ""hall_2"": 3.9474, ""kitchen_1"": 4.7895, ""kitchen_2"": 4.7895, ""landing"": 3.8421, ""living_room_1"": 3.2105, ""living_room_2"": 3.2105, ""service_porch_1"": 5.7368, ""service_porch_2"": 5.7368, ""stair"": 3.1053}","[""stair"", ""living_room_1"", ""living_room_2""]",1.0,1.0,1
graph_5_T4_mean_depth,4,T4_mean_depth,graph_5,4,"{""metric_values"": {""bath_room_1"": 4.8947, ""bath_room_2"": 4.8947, ""bed_room_1"": 4.8947, ""bed_room_2"": 4.8947, ""bed_room_3"": 4.8947, ""bed_room_4"": 4.8947, ""dining_room_1"": 3.5263, ""dining_room_2"": 3.5263, ""front_porch_1"": 3.9474, ""front_porch_2"": 3.9474, ""hall_1"": 3.9474, ""hall_2"": 3.9474, ""kitchen_1"": 4.7895, ""kitchen_2"": 4.7895, ""landing"": 3.8421, ""living_room_1"": 3.2105, ""living_room_2"": 3.2105, ""service_porch_1"": 5.7368, ""service_porch_2"": 5.7368, ""stair"": 3.1053}, ""top_3_lowest_mean_depth"": [""stair"", ""living_room_1"", ""living_room_2""]}","{""metric_values"": {""bath_room_1"": 4.8947, ""bath_room_2"": 4.8947, ""bed_room_1"": 4.8947, ""bed_room_2"": 4.8947, ""bed_room_3"": 4.8947, ""bed_room_4"": 4.8947, ""dining_room_1"": 3.5263, ""dining_room_2"": 3.5263, ""front_porch_1"": 3.9474, ""front_porch_2"": 3.9474, ""hall_1"": 3.9474, ""hall_2"": 3.9474, ""kitchen_1"": 4.7895, ""kitchen_2"": 4.7895, ""landing"": 3.8421, ""living_room_1"": 3.2105, ""living_room_2"": 3.2105, ""service_porch_1"": 5.7368, ""service_porch_2"": 5.7368, ""stair"": 3.1053}, ""top_3_lowest_mean_depth"": [""stair"", ""living_room_1"", ""living_room_2""]}","{""bath_room_1"": 4.8947, ""bath_room_2"": 4.8947, ""bed_room_1"": 4.8947, ""bed_room_2"": 4.8947, ""bed_room_3"": 4.8947, ""bed_room_4"": 4.8947, ""dining_room_1"": 3.5263, ""dining_room_2"": 3.5263, ""front_porch_1"": 3.9474, ""front_porch_2"": 3.9474, ""hall_1"": 3.9474, ""hall_2"": 3.9474, ""kitchen_1"": 4.7895, ""kitchen_2"": 4.7895, ""landing"": 3.8421, ""living_room_1"": 3.2105, ""living_room_2"": 3.2105, ""service_porch_1"": 5.7368, ""service_porch_2"": 5.7368, ""stair"": 3.1053}","[""stair"", ""living_room_1"", ""living_room_2""]","{""bath_room_1"": 4.8947, ""bath_room_2"": 4.8947, ""bed_room_1"": 4.8947, ""bed_room_2"": 4.8947, ""bed_room_3"": 4.8947, ""bed_room_4"": 4.8947, ""dining_room_1"": 3.5263, ""dining_room_2"": 3.5263, ""front_porch_1"": 3.9474, ""front_porch_2"": 3.9474, ""hall_1"": 3.9474, ""hall_2"": 3.9474, ""kitchen_1"": 4.7895, ""kitchen_2"": 4.7895, ""landing"": 3.8421, ""living_room_1"": 3.2105, ""living_room_2"": 3.2105, ""service_porch_1"": 5.7368, ""service_porch_2"": 5.7368, ""stair"": 3.1053}","[""stair"", ""living_room_1"", ""living_room_2""]",1.0,1.0,1
graph_5_T4_mean_depth,4,T4_mean_depth,graph_5,5,"{""metric_values"": {""bath_room_1"": 4.8947, ""bath_room_2"": 4.8947, ""bed_room_1"": 4.8947, ""bed_room_2"": 4.8947, ""bed_room_3"": 4.8947, ""bed_room_4"": 4.8947, ""dining_room_1"": 3.5263, ""dining_room_2"": 3.5263, ""front_porch_1"": 3.9474, ""front_porch_2"": 3.9474, ""hall_1"": 3.9474, ""hall_2"": 3.9474, ""kitchen_1"": 4.7895, ""kitchen_2"": 4.7895, ""landing"": 3.8421, ""living_room_1"": 3.2105, ""living_room_2"": 3.2105, ""service_porch_1"": 5.7368, ""service_porch_2"": 5.7368, ""stair"": 3.1053}, ""top_3_lowest_mean_depth"": [""stair"", ""living_room_1"", ""living_room_2""]}","{""metric_values"": {""bath_room_1"": 4.8947, ""bath_room_2"": 4.8947, ""bed_room_1"": 4.8947, ""bed_room_2"": 4.8947, ""bed_room_3"": 4.8947, ""bed_room_4"": 4.8947, ""dining_room_1"": 3.5263, ""dining_room_2"": 3.5263, ""front_porch_1"": 3.9474, ""front_porch_2"": 3.9474, ""hall_1"": 3.9474, ""hall_2"": 3.9474, ""kitchen_1"": 4.7895, ""kitchen_2"": 4.7895, ""landing"": 3.8421, ""living_room_1"": 3.2105, ""living_room_2"": 3.2105, ""service_porch_1"": 5.7368, ""service_porch_2"": 5.7368, ""stair"": 3.1053}, ""top_3_lowest_mean_depth"": [""stair"", ""living_room_1"", ""living_room_2""]}","{""bath_room_1"": 4.8947, ""bath_room_2"": 4.8947, ""bed_room_1"": 4.8947, ""bed_room_2"": 4.8947, ""bed_room_3"": 4.8947, ""bed_room_4"": 4.8947, ""dining_room_1"": 3.5263, ""dining_room_2"": 3.5263, ""front_porch_1"": 3.9474, ""front_porch_2"": 3.9474, ""hall_1"": 3.9474, ""hall_2"": 3.9474, ""kitchen_1"": 4.7895, ""kitchen_2"": 4.7895, ""landing"": 3.8421, ""living_room_1"": 3.2105, ""living_room_2"": 3.2105, ""service_porch_1"": 5.7368, ""service_porch_2"": 5.7368, ""stair"": 3.1053}","[""stair"", ""living_room_1"", ""living_room_2""]","{""bath_room_1"": 4.8947, ""bath_room_2"": 4.8947, ""bed_room_1"": 4.8947, ""bed_room_2"": 4.8947, ""bed_room_3"": 4.8947, ""bed_room_4"": 4.8947, ""dining_room_1"": 3.5263, ""dining_room_2"": 3.5263, ""front_porch_1"": 3.9474, ""front_porch_2"": 3.9474, ""hall_1"": 3.9474, ""hall_2"": 3.9474, ""kitchen_1"": 4.7895, ""kitchen_2"": 4.7895, ""landing"": 3.8421, ""living_room_1"": 3.2105, ""living_room_2"": 3.2105, ""service_porch_1"": 5.7368, ""service_porch_2"": 5.7368, ""stair"": 3.1053}","[""stair"", ""living_room_1"", ""living_room_2""]",1.0,1.0,1
graph_5_T5_choice,5,T5_choice,graph_5,1,"{""metric_values"": {""bath_room_1"": 0.0, ""bath_room_2"": 0.0, ""bed_room_1"": 0.0, ""bed_room_2"": 0.0, ""bed_room_3"": 0.0, ""bed_room_4"": 0.0, ""dining_room_1"": 78.0, ""dining_room_2"": 78.0, ""front_porch_1"": 6.6667, ""front_porch_2"": 6.6667, ""hall_1"": 79.0, ""hall_2"": 79.0, ""kitchen_1"": 18.0, ""kitchen_2"": 18.0, ""landing"": 12.6667, ""living_room_1"": 87.1667, ""living_room_2"": 87.1667, ""service_porch_1"": 0.0, ""service_porch_2"": 0.0, ""stair"": 82.6667}, ""top_3_highest_choice"": [""living_room_1"", ""living_room_2"", ""stair""]}","{""metric_values"": {""bath_room_1"": 0.0, ""bath_room_2"": 0.0, ""bed_room_1"": 0.0, ""bed_room_2"": 0.0, ""bed_room_3"": 0.0, ""bed_room_4"": 0.0, ""dining_room_1"": 78.0, ""dining_room_2"": 78.0, ""front_porch_1"": 6.6667, ""front_porch_2"": 6.6667, ""hall_1"": 79.0, ""hall_2"": 79.0, ""kitchen_1"": 18.0, ""kitchen_2"": 18.0, ""landing"": 12.6667, ""living_room_1"": 87.1667, ""living_room_2"": 87.1667, ""service_porch_1"": 0.0, ""service_porch_2"": 0.0, ""stair"": 82.6667}, ""top_3_highest_choice"": [""living_room_1"", ""living_room_2"", ""stair""]}","{""bath_room_1"": 0.0, ""bath_room_2"": 0.0, ""bed_room_1"": 0.0, ""bed_room_2"": 0.0, ""bed_room_3"": 0.0, ""bed_room_4"": 0.0, ""dining_room_1"": 78.0, ""dining_room_2"": 78.0, ""front_porch_1"": 6.6667, ""front_porch_2"": 6.6667, ""hall_1"": 79.0, ""hall_2"": 79.0, ""kitchen_1"": 18.0, ""kitchen_2"": 18.0, ""landing"": 12.6667, ""living_room_1"": 87.1667, ""living_room_2"": 87.1667, ""service_porch_1"": 0.0, ""service_porch_2"": 0.0, ""stair"": 82.6667}","[""living_room_1"", ""living_room_2"", ""stair""]","{""bath_room_1"": 0.0, ""bath_room_2"": 0.0, ""bed_room_1"": 0.0, ""bed_room_2"": 0.0, ""bed_room_3"": 0.0, ""bed_room_4"": 0.0, ""dining_room_1"": 78.0, ""dining_room_2"": 78.0, ""front_porch_1"": 6.6667, ""front_porch_2"": 6.6667, ""hall_1"": 79.0, ""hall_2"": 79.0, ""kitchen_1"": 18.0, ""kitchen_2"": 18.0, ""landing"": 12.6667, ""living_room_1"": 87.1667, ""living_room_2"": 87.1667, ""service_porch_1"": 0.0, ""service_porch_2"": 0.0, ""stair"": 82.6667}","[""living_room_1"", ""living_room_2"", ""stair""]",1.0,1.0,1
graph_5_T5_choice,5,T5_choice,graph_5,2,"{""metric_values"": {""bath_room_1"": 0.0, ""bath_room_2"": 0.0, ""bed_room_1"": 0.0, ""bed_room_2"": 0.0, ""bed_room_3"": 0.0, ""bed_room_4"": 0.0, ""dining_room_1"": 78.0, ""dining_room_2"": 78.0, ""front_porch_1"": 6.6667, ""front_porch_2"": 6.6667, ""hall_1"": 79.0, ""hall_2"": 79.0, ""kitchen_1"": 18.0, ""kitchen_2"": 18.0, ""landing"": 12.6667, ""living_room_1"": 87.1667, ""living_room_2"": 87.1667, ""service_porch_1"": 0.0, ""service_porch_2"": 0.0, ""stair"": 82.6667}, ""top_3_highest_choice"": [""living_room_1"", ""living_room_2"", ""stair""]}","{""metric_values"": {""bath_room_1"": 0.0, ""bath_room_2"": 0.0, ""bed_room_1"": 0.0, ""bed_room_2"": 0.0, ""bed_room_3"": 0.0, ""bed_room_4"": 0.0, ""dining_room_1"": 78.0, ""dining_room_2"": 78.0, ""front_porch_1"": 6.6667, ""front_porch_2"": 6.6667, ""hall_1"": 79.0, ""hall_2"": 79.0, ""kitchen_1"": 18.0, ""kitchen_2"": 18.0, ""landing"": 12.6667, ""living_room_1"": 87.1667, ""living_room_2"": 87.1667, ""service_porch_1"": 0.0, ""service_porch_2"": 0.0, ""stair"": 82.6667}, ""top_3_highest_choice"": [""living_room_1"", ""living_room_2"", ""stair""]}","{""bath_room_1"": 0.0, ""bath_room_2"": 0.0, ""bed_room_1"": 0.0, ""bed_room_2"": 0.0, ""bed_room_3"": 0.0, ""bed_room_4"": 0.0, ""dining_room_1"": 78.0, ""dining_room_2"": 78.0, ""front_porch_1"": 6.6667, ""front_porch_2"": 6.6667, ""hall_1"": 79.0, ""hall_2"": 79.0, ""kitchen_1"": 18.0, ""kitchen_2"": 18.0, ""landing"": 12.6667, ""living_room_1"": 87.1667, ""living_room_2"": 87.1667, ""service_porch_1"": 0.0, ""service_porch_2"": 0.0, ""stair"": 82.6667}","[""living_room_1"", ""living_room_2"", ""stair""]","{""bath_room_1"": 0.0, ""bath_room_2"": 0.0, ""bed_room_1"": 0.0, ""bed_room_2"": 0.0, ""bed_room_3"": 0.0, ""bed_room_4"": 0.0, ""dining_room_1"": 78.0, ""dining_room_2"": 78.0, ""front_porch_1"": 6.6667, ""front_porch_2"": 6.6667, ""hall_1"": 79.0, ""hall_2"": 79.0, ""kitchen_1"": 18.0, ""kitchen_2"": 18.0, ""landing"": 12.6667, ""living_room_1"": 87.1667, ""living_room_2"": 87.1667, ""service_porch_1"": 0.0, ""service_porch_2"": 0.0, ""stair"": 82.6667}","[""living_room_1"", ""living_room_2"", ""stair""]",1.0,1.0,1
graph_5_T5_choice,5,T5_choice,graph_5,3,"{""metric_values"": {""bath_room_1"": 0.0, ""bath_room_2"": 0.0, ""bed_room_1"": 0.0, ""bed_room_2"": 0.0, ""bed_room_3"": 0.0, ""bed_room_4"": 0.0, ""dining_room_1"": 78.0, ""dining_room_2"": 78.0, ""front_porch_1"": 6.6667, ""front_porch_2"": 6.6667, ""hall_1"": 79.0, ""hall_2"": 79.0, ""kitchen_1"": 18.0, ""kitchen_2"": 18.0, ""landing"": 12.6667, ""living_room_1"": 87.1667, ""living_room_2"": 87.1667, ""service_porch_1"": 0.0, ""service_porch_2"": 0.0, ""stair"": 82.6667}, ""top_3_highest_choice"": [""living_room_1"", ""living_room_2"", ""stair""]}","{""metric_values"": {""bath_room_1"": 0.0, ""bath_room_2"": 0.0, ""bed_room_1"": 0.0, ""bed_room_2"": 0.0, ""bed_room_3"": 0.0, ""bed_room_4"": 0.0, ""dining_room_1"": 78.0, ""dining_room_2"": 78.0, ""front_porch_1"": 6.6667, ""front_porch_2"": 6.6667, ""hall_1"": 79.0, ""hall_2"": 79.0, ""kitchen_1"": 18.0, ""kitchen_2"": 18.0, ""landing"": 12.6667, ""living_room_1"": 87.1667, ""living_room_2"": 87.1667, ""service_porch_1"": 0.0, ""service_porch_2"": 0.0, ""stair"": 82.6667}, ""top_3_highest_choice"": [""living_room_1"", ""living_room_2"", ""stair""]}","{""bath_room_1"": 0.0, ""bath_room_2"": 0.0, ""bed_room_1"": 0.0, ""bed_room_2"": 0.0, ""bed_room_3"": 0.0, ""bed_room_4"": 0.0, ""dining_room_1"": 78.0, ""dining_room_2"": 78.0, ""front_porch_1"": 6.6667, ""front_porch_2"": 6.6667, ""hall_1"": 79.0, ""hall_2"": 79.0, ""kitchen_1"": 18.0, ""kitchen_2"": 18.0, ""landing"": 12.6667, ""living_room_1"": 87.1667, ""living_room_2"": 87.1667, ""service_porch_1"": 0.0, ""service_porch_2"": 0.0, ""stair"": 82.6667}","[""living_room_1"", ""living_room_2"", ""stair""]","{""bath_room_1"": 0.0, ""bath_room_2"": 0.0, ""bed_room_1"": 0.0, ""bed_room_2"": 0.0, ""bed_room_3"": 0.0, ""bed_room_4"": 0.0, ""dining_room_1"": 78.0, ""dining_room_2"": 78.0, ""front_porch_1"": 6.6667, ""front_porch_2"": 6.6667, ""hall_1"": 79.0, ""hall_2"": 79.0, ""kitchen_1"": 18.0, ""kitchen_2"": 18.0, ""landing"": 12.6667, ""living_room_1"": 87.1667, ""living_room_2"": 87.1667, ""service_porch_1"": 0.0, ""service_porch_2"": 0.0, ""stair"": 82.6667}","[""living_room_1"", ""living_room_2"", ""stair""]",1.0,1.0,1
graph_5_T5_choice,5,T5_choice,graph_5,4,"{""metric_values"": {""bath_room_1"": 0.0, ""bath_room_2"": 0.0, ""bed_room_1"": 0.0, ""bed_room_2"": 0.0, ""bed_room_3"": 0.0, ""bed_room_4"": 0.0, ""dining_room_1"": 78.0, ""dining_room_2"": 78.0, ""front_porch_1"": 6.6667, ""front_porch_2"": 6.6667, ""hall_1"": 79.0, ""hall_2"": 79.0, ""kitchen_1"": 18.0, ""kitchen_2"": 18.0, ""landing"": 12.6667, ""living_room_1"": 87.1667, ""living_room_2"": 87.1667, ""service_porch_1"": 0.0, ""service_porch_2"": 0.0, ""stair"": 82.6667}, ""top_3_highest_choice"": [""living_room_1"", ""living_room_2"", ""stair""]}","{""metric_values"": {""bath_room_1"": 0.0, ""bath_room_2"": 0.0, ""bed_room_1"": 0.0, ""bed_room_2"": 0.0, ""bed_room_3"": 0.0, ""bed_room_4"": 0.0, ""dining_room_1"": 78.0, ""dining_room_2"": 78.0, ""front_porch_1"": 6.6667, ""front_porch_2"": 6.6667, ""hall_1"": 79.0, ""hall_2"": 79.0, ""kitchen_1"": 18.0, ""kitchen_2"": 18.0, ""landing"": 12.6667, ""living_room_1"": 87.1667, ""living_room_2"": 87.1667, ""service_porch_1"": 0.0, ""service_porch_2"": 0.0, ""stair"": 82.6667}, ""top_3_highest_choice"": [""living_room_1"", ""living_room_2"", ""stair""]}","{""bath_room_1"": 0.0, ""bath_room_2"": 0.0, ""bed_room_1"": 0.0, ""bed_room_2"": 0.0, ""bed_room_3"": 0.0, ""bed_room_4"": 0.0, ""dining_room_1"": 78.0, ""dining_room_2"": 78.0, ""front_porch_1"": 6.6667, ""front_porch_2"": 6.6667, ""hall_1"": 79.0, ""hall_2"": 79.0, ""kitchen_1"": 18.0, ""kitchen_2"": 18.0, ""landing"": 12.6667, ""living_room_1"": 87.1667, ""living_room_2"": 87.1667, ""service_porch_1"": 0.0, ""service_porch_2"": 0.0, ""stair"": 82.6667}","[""living_room_1"", ""living_room_2"", ""stair""]","{""bath_room_1"": 0.0, ""bath_room_2"": 0.0, ""bed_room_1"": 0.0, ""bed_room_2"": 0.0, ""bed_room_3"": 0.0, ""bed_room_4"": 0.0, ""dining_room_1"": 78.0, ""dining_room_2"": 78.0, ""front_porch_1"": 6.6667, ""front_porch_2"": 6.6667, ""hall_1"": 79.0, ""hall_2"": 79.0, ""kitchen_1"": 18.0, ""kitchen_2"": 18.0, ""landing"": 12.6667, ""living_room_1"": 87.1667, ""living_room_2"": 87.1667, ""service_porch_1"": 0.0, ""service_porch_2"": 0.0, ""stair"": 82.6667}","[""living_room_1"", ""living_room_2"", ""stair""]",1.0,1.0,1
graph_5_T5_choice,5,T5_choice,graph_5,5,"{""metric_values"": {""bath_room_1"": 0.0, ""bath_room_2"": 0.0, ""bed_room_1"": 0.0, ""bed_room_2"": 0.0, ""bed_room_3"": 0.0, ""bed_room_4"": 0.0, ""dining_room_1"": 78.0, ""dining_room_2"": 78.0, ""front_porch_1"": 6.6667, ""front_porch_2"": 6.6667, ""hall_1"": 79.0, ""hall_2"": 79.0, ""kitchen_1"": 18.0, ""kitchen_2"": 18.0, ""landing"": 12.6667, ""living_room_1"": 87.1667, ""living_room_2"": 87.1667, ""service_porch_1"": 0.0, ""service_porch_2"": 0.0, ""stair"": 82.6667}, ""top_3_highest_choice"": [""living_room_1"", ""living_room_2"", ""stair""]}","{""metric_values"": {""bath_room_1"": 0.0, ""bath_room_2"": 0.0, ""bed_room_1"": 0.0, ""bed_room_2"": 0.0, ""bed_room_3"": 0.0, ""bed_room_4"": 0.0, ""dining_room_1"": 78.0, ""dining_room_2"": 78.0, ""front_porch_1"": 6.6667, ""front_porch_2"": 6.6667, ""hall_1"": 79.0, ""hall_2"": 79.0, ""kitchen_1"": 18.0, ""kitchen_2"": 18.0, ""landing"": 12.6667, ""living_room_1"": 87.1667, ""living_room_2"": 87.1667, ""service_porch_1"": 0.0, ""service_porch_2"": 0.0, ""stair"": 82.6667}, ""top_3_highest_choice"": [""living_room_1"", ""living_room_2"", ""stair""]}","{""bath_room_1"": 0.0, ""bath_room_2"": 0.0, ""bed_room_1"": 0.0, ""bed_room_2"": 0.0, ""bed_room_3"": 0.0, ""bed_room_4"": 0.0, ""dining_room_1"": 78.0, ""dining_room_2"": 78.0, ""front_porch_1"": 6.6667, ""front_porch_2"": 6.6667, ""hall_1"": 79.0, ""hall_2"": 79.0, ""kitchen_1"": 18.0, ""kitchen_2"": 18.0, ""landing"": 12.6667, ""living_room_1"": 87.1667, ""living_room_2"": 87.1667, ""service_porch_1"": 0.0, ""service_porch_2"": 0.0, ""stair"": 82.6667}","[""living_room_1"", ""living_room_2"", ""stair""]","{""bath_room_1"": 0.0, ""bath_room_2"": 0.0, ""bed_room_1"": 0.0, ""bed_room_2"": 0.0, ""bed_room_3"": 0.0, ""bed_room_4"": 0.0, ""dining_room_1"": 78.0, ""dining_room_2"": 78.0, ""front_porch_1"": 6.6667, ""front_porch_2"": 6.6667, ""hall_1"": 79.0, ""hall_2"": 79.0, ""kitchen_1"": 18.0, ""kitchen_2"": 18.0, ""landing"": 12.6667, ""living_room_1"": 87.1667, ""living_room_2"": 87.1667, ""service_porch_1"": 0.0, ""service_porch_2"": 0.0, ""stair"": 82.6667}","[""living_room_1"", ""living_room_2"", ""stair""]",1.0,1.0,1
